PLAYER,TEAM,AGE,HEIGHT FT,HEIGHT IN,HEIGHT,RANDOM,WEIGHT,COLLEGE,COUNTRY,DRAFT YEAR,DRAFT ROUND,DRAFT NUMBER,GP,PTS,REB,AST,NETRTG,OREB%,DREB%,USG%,TS%,AST%
Tony Parker,CHA,37,6,2,74,0.999620794,185,None,France,2001,1,28,56,9.5,1.5,3.7,-0.1,0.013,0.067,0.247,0.512,0.331
Dorian Finney-Smith,DAL,26,6,8,80,0.998290549,220,Florida,USA,Undrafted,Undrafted,Undrafted,81,7.5,4.8,1.2,-1.9,0.064,0.119,0.135,0.53,0.07
Chasson Randle,WAS,26,6,2,74,0.996509376,185,Stanford,USA,Undrafted,Undrafted,Undrafted,49,5.5,1.1,2,-5.8,0.013,0.062,0.16,0.555,0.182
Meyers Leonard,POR,27,7,1,85,0.996043131,255,Illinois,USA,2012,1,11,61,5.9,3.8,1.2,-3.7,0.055,0.206,0.149,0.675,0.123
Pat Connaughton,MIL,26,6,4,76,0.994469718,209,Notre Dame,USA,2015,2,41,61,6.9,4.2,2,5,0.046,0.135,0.13,0.573,0.128
Kevon Looney,GSW,23,6,9,81,0.993251152,220,UCLA,USA,2015,1,30,80,6.3,5.2,1.5,10.3,0.126,0.133,0.122,0.636,0.106
Aron Baynes,BOS,32,6,10,82,0.990449776,260,Washington State,Australia,Undrafted,Undrafted,Undrafted,51,5.6,4.7,1.1,7.7,0.103,0.175,0.147,0.567,0.092
John Wall,WAS,28,6,4,76,0.989906506,210,Kentucky,USA,2010,1,1,32,20.7,3.6,8.7,-6.2,0.013,0.087,0.286,0.527,0.391
Jarrett Allen,BKN,21,6,11,83,0.989214724,237,Texas,USA,2017,1,22,80,10.9,8.4,1.4,-2.4,0.088,0.208,0.158,0.632,0.076
Jarred Vanderbilt,DEN,20,6,9,81,0.988878174,214,University of Kentucky,USA,2018,2,41,17,1.4,1.4,0.2,4.5,0.084,0.205,0.179,0.513,0.064
Marco Belinelli,SAS,33,6,5,77,0.985292195,210,None,Italy,2007,1,18,79,10.5,2.5,1.7,0.8,0.009,0.093,0.187,0.557,0.102
Naz Mitrou-Long,UTA,25,6,4,76,0.984166769,218,Iowa State,Canada,Undrafted,Undrafted,Undrafted,14,1.1,0.4,1.1,-21.2,0.011,0.057,0.139,0.383,0.25
Enes Kanter,POR,27,6,11,83,0.9837942,250,Kentucky,Turkey,2011,1,3,67,13.7,9.8,1.7,-6.2,0.138,0.245,0.219,0.594,0.12
Nicolas Batum,CHA,30,6,8,80,0.983637081,200,None,France,2008,1,25,75,9.3,5.2,3.3,-0.5,0.028,0.131,0.129,0.581,0.145
Kyle Anderson,MEM,25,6,9,81,0.983255936,230,UCLA,USA,2014,1,30,43,8,5.8,3,-2.1,0.038,0.161,0.127,0.569,0.155
John Collins,ATL,21,6,10,82,0.98292695,235,Wake Forest,USA,2017,1,19,61,19.5,9.8,2,-1.4,0.112,0.196,0.23,0.627,0.102
Andrew Bogut,GSW,34,7,1,85,0.98261919,260,Utah,Australia,2005,1,1,11,3.5,5,1,3.9,0.1,0.297,0.148,0.523,0.104
Luka Doncic,DAL,20,6,7,79,0.979705291,218,None,Slovenia,2018,1,3,72,21.2,7.8,6,-3.1,0.036,0.198,0.296,0.545,0.317
Yuta Watanabe,MEM,24,6,9,81,0.979617703,205,None,Japan,Undrafted,Undrafted,Undrafted,15,2.6,2.1,0.5,5.5,0.022,0.152,0.148,0.352,0.063
Wayne Ellington,DET,31,6,5,77,0.978213813,200,North Carolina,USA,2009,1,28,53,10.3,2,1.4,-0.5,0.01,0.073,0.167,0.569,0.086
Skal Labissiere,POR,23,6,11,83,0.974806339,235,Kentucky,Haiti,2016,1,28,22,3,2,0.5,-8.3,0.051,0.185,0.154,0.593,0.078
Harry Giles III,SAC,21,6,10,82,0.973886364,240,Duke,USA,2017,1,20,58,7,3.8,1.5,-5,0.076,0.171,0.227,0.526,0.155
James Nunnally,HOU,28,6,7,79,0.970320935,208,California-Santa Barbara,USA,Undrafted,Undrafted,Undrafted,15,2.4,0.3,0.5,-11,0,0.053,0.153,0.503,0.097
Scott Machado,LAL,29,6,1,73,0.968608565,205,Iona,USA,Undrafted,Undrafted,Undrafted,4,2.5,0,0.8,0,0,0,0.13,0.776,0.214
Frank Jackson,NOP,21,6,3,75,0.967863936,205,Duke,USA,2017,2,31,61,8.1,2.2,1.1,-5,0.019,0.085,0.178,0.517,0.08
Joe Chealey,CHA,23,6,3,75,0.967666824,190,College of Charleston,USA,Undrafted,Undrafted,Undrafted,1,2,0,1,-25.8,0,0,0.176,0.333,0.25
Jimmer Fredette,PHX,30,6,2,74,0.966820936,195,Brigham Young,USA,2011,1,10,6,3.7,1.2,1.3,-25.5,0.013,0.088,0.242,0.348,0.2
Jared Terrell,MIN,24,6,3,75,0.966705135,227,None,USA,Undrafted,Undrafted,Undrafted,14,2.2,0.4,0.9,-12.3,0.008,0.044,0.197,0.372,0.182
Courtney Lee,DAL,33,6,5,77,0.966389425,215,Western Kentucky,USA,2008,1,22,34,4,1.6,1.1,-6.4,0.019,0.105,0.15,0.492,0.13
Dwayne Bacon,CHA,23,6,7,79,0.961819802,221,Florida State,USA,2017,2,40,43,7.3,2.1,1.1,-2,0.01,0.105,0.167,0.57,0.092
Dillon Brooks,MEM,23,6,6,78,0.959923403,220,Oregon,Canada,2017,2,45,18,7.5,1.7,0.9,-1.6,0.028,0.076,0.207,0.499,0.079
Billy Garrett,NYK,24,6,6,78,0.957335035,215,DePaul University,USA,Undrafted,Undrafted,Undrafted,4,6.5,0.8,1.8,-8.6,0,0.041,0.215,0.452,0.189
Shabazz Napier,BKN,27,6,1,73,0.956814861,180,Connecticut,USA,2014,1,24,56,9.4,1.8,2.6,1.3,0.017,0.079,0.234,0.534,0.235
Damion Lee,GSW,26,6,6,78,0.956501399,210,Louisville,USA,Undrafted,Undrafted,Undrafted,32,4.9,2,0.4,-5.4,0.02,0.134,0.164,0.578,0.051
Kawhi Leonard,TOR,28,6,7,79,0.956044939,230,San Diego State,USA,2011,1,15,60,26.6,7.3,3.3,7.9,0.039,0.165,0.3,0.606,0.159
Pascal Siakam,TOR,25,6,9,81,0.954790824,230,New Mexico State,Cameroon,2016,1,27,80,16.9,6.9,3.1,10.6,0.05,0.154,0.205,0.628,0.141
Larry Nance Jr.,CLE,26,6,9,81,0.953776137,230,Wyoming,USA,2015,1,27,67,9.4,8.2,3.2,-8.8,0.09,0.224,0.152,0.583,0.179
Ben McLemore,SAC,26,6,5,77,0.95342256,201,Kansas,USA,2013,1,7,19,3.9,0.9,0.2,-3.5,0.018,0.089,0.185,0.541,0.035
Marvin Williams,CHA,33,6,9,81,0.949950147,237,North Carolina,USA,2005,1,2,75,10.1,5.4,1.2,-0.4,0.033,0.152,0.147,0.548,0.061
Anfernee Simons,POR,20,6,4,76,0.948176375,185,None,USA,2018,1,24,20,3.8,0.7,0.7,-17.6,0.022,0.067,0.24,0.535,0.135
Semi Ojeleye,BOS,24,6,7,79,0.946010544,241,Southern Methodist,USA,2017,2,37,56,3.3,1.5,0.4,6,0.038,0.093,0.137,0.531,0.054
Aaron Holiday,IND,22,6,1,73,0.945988534,185,UCLA,USA,2018,1,23,50,5.9,1.3,1.7,7,0.008,0.088,0.206,0.518,0.18
Jalen Jones,CLE,26,6,7,79,0.945542533,220,Texas A&M,USA,Undrafted,Undrafted,Undrafted,16,5.1,2.1,0.4,-6.7,0.05,0.113,0.162,0.548,0.05
T.J. McConnell,PHI,27,6,2,74,0.937299239,190,Arizona,USA,Undrafted,Undrafted,Undrafted,76,6.4,2.3,3.4,-0.7,0.018,0.094,0.148,0.555,0.249
Antonio Blakeney,CHI,22,6,4,76,0.93617125,192,Louisiana State,USA,Undrafted,Undrafted,Undrafted,57,7.3,1.9,0.7,-7.8,0.008,0.114,0.24,0.487,0.079
Jerian Grant,ORL,26,6,4,76,0.934241765,205,Notre Dame,USA,2015,1,19,60,4.2,1.6,2.6,-7.3,0.019,0.083,0.13,0.526,0.242
Mike Conley,MEM,31,6,1,73,0.934061505,175,Ohio State,USA,2007,1,4,70,21.1,3.4,6.4,0.7,0.017,0.088,0.262,0.569,0.327
Andrew Wiggins,MIN,24,6,8,80,0.933467055,194,Kansas,Canada,2014,1,1,73,18.1,4.8,2.5,-1.2,0.031,0.099,0.24,0.493,0.108
Isaiah Briscoe,ORL,23,6,3,75,0.933005564,215,None,USA,Undrafted,Undrafted,Undrafted,39,3.5,1.9,2.2,2,0.008,0.111,0.139,0.455,0.226
Isaiah Canaan,MIL,28,6,1,73,0.932952464,200,Murray State,USA,2013,2,34,30,6,1.9,2.8,-12.3,0.01,0.086,0.147,0.518,0.194
Jonas Valanciunas,MEM,27,7,1,85,0.931677908,265,None,Lithuania,2011,1,5,49,15.6,8.6,1.4,2.7,0.096,0.268,0.274,0.616,0.109
Michael Kidd-Gilchrist,CHA,25,6,7,79,0.930300551,232,Kentucky,USA,2012,1,2,64,6.7,3.8,1,-0.9,0.069,0.129,0.153,0.553,0.077
Chandler Parsons,MEM,30,6,10,82,0.927776729,230,Florida,USA,2011,2,38,25,7.5,2.8,1.7,-5.4,0.007,0.126,0.192,0.484,0.143
Dairis Bertans,NOP,29,6,4,76,0.926011228,200,None,Latvia,Undrafted,Undrafted,Undrafted,12,2.8,0.8,0.8,-15,0.011,0.036,0.12,0.362,0.078
Kemba Walker,CHA,29,6,1,73,0.923413308,184,Connecticut,USA,2011,1,9,82,25.6,4.4,5.9,0.4,0.017,0.106,0.308,0.558,0.287
Troy Brown Jr.,WAS,19,6,7,79,0.921995764,215,University of Oregon,USA,2018,1,15,52,4.8,2.8,1.5,-0.3,0.045,0.149,0.158,0.487,0.147
Jaren Jackson Jr.,MEM,19,6,11,83,0.920846713,242,Michigan State University,USA,2018,1,4,58,13.8,4.7,1.1,-2.3,0.049,0.132,0.231,0.591,0.074
Tyler Ulis,CHI,23,5,10,70,0.919246045,160,Kentucky,USA,2016,2,34,1,0,0,0,0,0,0,0,0,0
Jamal Murray,DEN,22,6,4,76,0.913783539,207,Kentucky,Canada,2016,1,7,75,18.2,4.2,4.8,4.8,0.026,0.101,0.241,0.538,0.22
Anthony Tolliver,MIN,34,6,8,80,0.91309683,250,Creighton,USA,Undrafted,Undrafted,Undrafted,65,5,2.7,0.7,-4.1,0.012,0.143,0.121,0.571,0.059
Maurice Harkless,POR,26,6,9,81,0.912994926,220,"St. John's, N.Y.",USA,2012,1,15,60,7.7,4.5,1.2,7.9,0.052,0.128,0.135,0.547,0.068
Damian Jones,GSW,24,7,1,85,0.912081057,245,Vanderbilt,USA,2016,1,30,24,5.4,3.1,1.2,3,0.086,0.099,0.113,0.72,0.084
De'Anthony Melton,PHX,21,6,4,76,0.911993472,200,University of Southern California,USA,2018,2,46,50,5,2.7,3.2,-7.9,0.025,0.114,0.147,0.466,0.214
Wilson Chandler,LAC,32,6,9,81,0.911273771,225,DePaul,USA,2007,1,23,51,6,4.2,1.6,4.2,0.041,0.132,0.115,0.537,0.089
Jacob Evans,GSW,22,6,6,78,0.910151984,210,University of Cincinnati,USA,2018,1,28,30,1.3,0.8,0.8,-5.9,0.029,0.084,0.134,0.374,0.15
Jonah Bolden,PHI,23,6,10,82,0.909834933,220,None,Australia,2017,2,36,44,4.7,3.8,0.9,-1.8,0.067,0.173,0.131,0.595,0.085
Marc Gasol,TOR,34,7,1,85,0.909583866,255,None,Spain,2007,2,48,79,13.6,7.9,4.4,3.5,0.034,0.227,0.21,0.546,0.222
Kevin Knox,NYK,19,6,9,81,0.904474875,215,University of Kentucky,USA,2018,1,9,75,12.8,4.5,1.1,-13.6,0.025,0.12,0.219,0.475,0.06
T.J. Warren,PHX,25,6,8,80,0.904316287,215,North Carolina State,USA,2014,1,14,43,18,4,1.5,-7.7,0.022,0.108,0.221,0.58,0.073
Thomas Bryant,WAS,21,6,11,83,0.902307667,248,Indiana,USA,2017,2,42,72,10.5,6.3,1.3,-3.6,0.072,0.219,0.17,0.674,0.09
Sterling Brown,MIL,24,6,6,78,0.900846673,232,Southern Methodist,USA,2017,2,46,58,6.4,3.2,1.4,0.2,0.026,0.13,0.149,0.563,0.115
Serge Ibaka,TOR,29,6,10,82,0.90041084,235,None,Democratic Re...,2008,1,24,74,15,8.1,1.3,6.2,0.078,0.204,0.227,0.582,0.076
Will Barton,DEN,28,6,6,78,0.899251226,190,Memphis,USA,2012,2,40,43,11.5,4.6,2.9,0.6,0.026,0.137,0.195,0.501,0.146
Jason Smith,NOP,33,7,1,85,0.890229556,240,Colorado State,USA,2007,1,20,20,3.3,2.6,0.7,-12.1,0.077,0.174,0.169,0.492,0.112
De'Aaron Fox,SAC,21,6,3,75,0.887392862,175,Kentucky,USA,2017,1,5,81,17.3,3.8,7.3,0.9,0.015,0.095,0.238,0.544,0.322
Wayne Selden,CHI,24,6,5,77,0.885838021,230,Kansas,USA,Undrafted,Undrafted,Undrafted,75,6.9,2.4,1.5,-9.6,0.024,0.098,0.178,0.491,0.112
Tyler Davis,OKC,22,6,10,82,0.88480412,266,None,USA,Undrafted,Undrafted,Undrafted,1,0,1,0,0,0.5,0,0.333,0,0
Noah Vonleh,NYK,23,6,9,81,0.882579838,250,Indiana,USA,2014,1,9,68,8.4,7.8,1.9,-7.6,0.06,0.234,0.144,0.561,0.108
Tahjere McCall,BKN,24,6,5,77,0.880391,190,Tennessee State,USA,Undrafted,Undrafted,Undrafted,1,4,1,0,63.9,0,0.2,0.136,0.581,0
Jeremy Lamb,CHA,27,6,5,77,0.879314814,185,Connecticut,USA,2012,1,12,79,15.3,5.5,2.2,0.7,0.027,0.159,0.22,0.552,0.119
Joel Embiid,PHI,25,7,1,85,0.878600945,250,Kansas,Cameroon,2014,1,3,64,27.5,13.6,3.7,7.6,0.075,0.292,0.327,0.593,0.185
Avery Bradley,MEM,28,6,2,74,0.871565741,180,Texas,USA,2010,1,19,63,9.9,2.8,2.4,-1.5,0.022,0.065,0.16,0.496,0.114
Kevin Durant,GSW,30,6,9,81,0.871522459,240,Texas,USA,2007,1,2,78,26,6.4,5.9,11.4,0.013,0.153,0.283,0.631,0.251
Al-Farouq Aminu,POR,28,6,9,81,0.871423169,220,Wake Forest,USA,2010,1,8,81,9.4,7.5,1.3,8.2,0.048,0.204,0.134,0.568,0.057
Shaun Livingston,GSW,33,6,7,79,0.869082877,192,None,USA,2004,1,4,64,4,1.8,1.8,3.2,0.043,0.071,0.118,0.555,0.154
Andre Drummond,DET,25,6,11,83,0.868472052,279,Connecticut,USA,2012,1,9,79,17.3,15.6,1.4,3.3,0.151,0.311,0.226,0.555,0.068
Markieff Morris,OKC,29,6,10,82,0.868074516,245,Kansas,USA,2011,1,13,58,9.4,4.6,1.4,-5.9,0.045,0.161,0.191,0.521,0.092
Reggie Bullock,LAL,28,6,7,79,0.865522963,205,North Carolina,USA,2013,1,25,63,11.3,2.7,2,-1.3,0.011,0.082,0.154,0.563,0.096
Wesley Johnson,WAS,31,6,7,79,0.86292339,215,Syracuse,USA,2010,1,4,38,3.4,1.9,0.6,-7.3,0.02,0.104,0.115,0.469,0.054
Zach Collins,POR,21,7,1,85,0.861019783,235,Gonzaga,USA,2017,1,10,77,6.6,4.2,0.9,0.1,0.078,0.144,0.166,0.562,0.076
Patrick Patterson,OKC,30,6,9,81,0.858015899,230,Kentucky,USA,2010,1,14,63,3.6,2.3,0.5,-5.7,0.043,0.114,0.118,0.493,0.049
Vincent Edwards,HOU,23,6,8,80,0.854718931,225,Purdue University,USA,2018,2,52,2,1.5,1,0,-6.1,0.059,0.059,0.111,0.375,0
Aaron Gordon,ORL,23,6,9,81,0.854049228,220,Arizona,USA,2014,1,4,78,16,7.4,3.7,1.5,0.047,0.165,0.213,0.538,0.166
Kelly Oubre Jr.,PHX,23,6,7,79,0.85370023,205,Kansas,USA,2015,1,15,69,15.2,4.7,1.2,-6,0.035,0.126,0.223,0.551,0.067
Melvin Frazier Jr.,ORL,22,6,6,78,0.850235944,200,Tulane University,USA,2018,2,35,10,1.5,0.5,0.1,-13.5,0.053,0.045,0.205,0.33,0.032
Markelle Fultz,ORL,21,6,4,76,0.848666593,200,Washington,USA,2017,1,1,19,8.2,3.7,3.1,-0.4,0.056,0.088,0.189,0.452,0.212
Matthew Dellavedova,CLE,28,6,4,76,0.844910161,200,St. Mary's (CA),Australia,Undrafted,Undrafted,Undrafted,48,5.9,1.6,3.8,-3.8,0.007,0.081,0.173,0.532,0.329
Reggie Jackson,DET,29,6,3,75,0.842578393,208,Boston College,USA,2011,1,24,82,15.4,2.6,4.2,0.5,0.019,0.076,0.237,0.547,0.241
Trae Young,ATL,20,6,2,74,0.841681127,180,University of Oklahoma,USA,2018,1,5,81,19.1,3.7,8.1,-6.3,0.024,0.091,0.277,0.539,0.39
Collin Sexton,CLE,20,6,2,74,0.840780854,190,University of Alabama,USA,2018,1,8,82,16.7,2.9,3,-12.5,0.021,0.072,0.247,0.52,0.154
Lauri Markkanen,CHI,22,7,1,85,0.839584945,240,Arizona,Finland,2017,1,7,52,18.7,9,1.4,-5.5,0.043,0.234,0.245,0.553,0.07
Devin Harris,DAL,36,6,3,75,0.839493807,185,Wisconsin,USA,2004,1,5,68,6.3,1.6,1.8,-4.2,0.01,0.09,0.18,0.527,0.172
Grayson Allen,UTA,23,6,5,77,0.839056641,198,Duke University,USA,2018,1,21,38,5.6,0.6,0.7,-13.6,0.007,0.047,0.238,0.516,0.102
Mitchell Creek,MIN,27,6,6,78,0.838216929,225,None,Australia,Undrafted,Undrafted,Undrafted,5,4.2,2.4,1.2,8.9,0.109,0.105,0.169,0.55,0.188
Jae Crowder,UTA,28,6,6,78,0.837722716,235,Marquette,USA,2012,2,34,80,11.9,4.8,1.7,4.4,0.027,0.139,0.183,0.538,0.09
Bryn Forbes,SAS,25,6,3,75,0.83631559,190,Michigan State,USA,Undrafted,Undrafted,Undrafted,82,11.8,2.9,2.1,-0.3,0.008,0.096,0.171,0.586,0.105
Mason Plumlee,DEN,29,6,11,83,0.831951984,235,Duke,USA,2013,1,22,82,7.8,6.4,3,3.2,0.091,0.198,0.159,0.602,0.199
Allen Crabbe,BKN,27,6,6,78,0.827454509,212,California,USA,2013,2,31,43,9.6,3.4,1.1,0.3,0.013,0.108,0.159,0.519,0.059
Salah Mejri,DAL,33,7,2,86,0.823476401,235,None,Tunisia,Undrafted,Undrafted,Undrafted,36,3.9,3.6,1,-4.4,0.081,0.216,0.153,0.559,0.137
Stanley Johnson,NOP,23,6,7,79,0.820003651,245,Arizona,USA,2015,1,8,66,6.9,3.3,1.3,-7.9,0.025,0.142,0.186,0.485,0.118
Yogi Ferrell,SAC,26,6,1,73,0.815483178,180,Indiana,USA,Undrafted,Undrafted,Undrafted,71,5.9,1.5,1.9,-2.6,0.011,0.085,0.16,0.55,0.176
Emmanuel Mudiay,NYK,23,6,5,77,0.815126086,200,None,Democratic Re...,2015,1,7,59,14.8,3.3,3.9,-10.8,0.019,0.098,0.248,0.531,0.242
Myles Turner,IND,23,6,11,83,0.811477291,250,Texas,USA,2015,1,11,74,13.3,7.2,1.6,2.8,0.048,0.195,0.199,0.567,0.083
Alec Burks,SAC,27,6,6,78,0.811087105,214,Colorado,USA,2011,1,12,64,8.8,3.7,2,-11.1,0.021,0.151,0.185,0.523,0.142
Lonzo Ball,LAL,21,6,6,78,0.809581392,190,UCLA,USA,2017,1,2,47,9.9,5.3,5.4,-0.7,0.036,0.124,0.167,0.487,0.236
Kevin Huerter,ATL,20,6,7,79,0.809557857,190,University of Maryland,USA,2018,1,19,75,9.7,3.3,2.9,-2.2,0.027,0.087,0.153,0.533,0.139
LaMarcus Aldridge,SAS,33,6,11,83,0.806366842,260,Texas,USA,2006,1,2,81,21.3,9.2,2.4,1.5,0.096,0.18,0.268,0.576,0.115
Terrence Jones,HOU,27,6,9,81,0.805204271,252,Kentucky,USA,2012,1,18,2,1,2,0,-95.6,0,0.571,0.333,0.225,0
Alize Johnson,IND,23,6,9,81,0.8051992,212,Missouri State University,USA,2018,2,50,14,0.9,1.4,0.1,-1.6,0.051,0.192,0.116,0.333,0.018
Daniel Hamilton,ATL,23,6,7,79,0.805178016,195,Connecticut,USA,2016,2,56,19,3,2.5,1.2,-4.9,0.043,0.161,0.153,0.455,0.157
Amile Jefferson,ORL,26,6,9,81,0.803956477,222,Duke,USA,Undrafted,Undrafted,Undrafted,12,2.3,1.8,0.3,8.8,0.082,0.25,0.125,0.692,0.052
Bradley Beal,WAS,26,6,5,77,0.80297991,207,Florida,USA,2012,1,3,82,25.6,5,5.5,-1.8,0.028,0.104,0.277,0.581,0.233
Eric Moreland,TOR,27,6,10,82,0.801198023,238,Oregon State,USA,Undrafted,Undrafted,Undrafted,5,1.4,4,0.8,-21.9,0.108,0.348,0.117,0.5,0.154
Quincy Acy,PHX,28,6,7,79,0.798295805,240,Baylor,USA,2012,2,37,10,1.7,2.5,0.8,2.8,0.022,0.153,0.088,0.379,0.088
Cheick Diallo,NOP,22,6,9,81,0.795048093,220,Kansas,Mali,2016,2,33,64,6,5.2,0.5,-4.7,0.079,0.26,0.155,0.644,0.051
Alex Len,ATL,26,7,1,85,0.793571785,250,Maryland,Ukraine,2013,1,5,77,11.1,5.5,1.1,-4.4,0.09,0.159,0.214,0.575,0.086
Derrick Rose,MIN,30,6,3,75,0.791978948,200,Memphis,USA,2008,1,1,51,18,2.7,4.3,0.7,0.022,0.07,0.261,0.557,0.244
Jerryd Bayless,MIN,30,6,3,75,0.789280378,200,Arizona,USA,2008,1,11,34,6.1,1.8,3.5,-12.4,0.015,0.08,0.172,0.431,0.262
Joakim Noah,MEM,34,6,11,83,0.788566708,230,Florida,USA,2007,1,9,42,7.1,5.7,2.1,1.8,0.078,0.247,0.191,0.571,0.202
Edmond Sumner,IND,23,6,6,78,0.78825135,176,Xavier,USA,2017,2,52,23,2.9,1,0.4,-7.8,0.038,0.065,0.157,0.443,0.063
Ante Zizic,CLE,22,6,11,83,0.7853695,254,None,Croatia,2016,1,23,59,7.8,5.4,0.9,-3.9,0.097,0.193,0.178,0.59,0.075
Jodie Meeks,TOR,31,6,4,76,0.785162841,210,Kentucky,USA,2009,2,41,8,6.4,1.5,1,5.8,0.01,0.093,0.169,0.647,0.096
Raul Neto,UTA,27,6,1,73,0.784689262,179,None,Brazil,2013,2,47,37,5.3,1.7,2.5,17.5,0.014,0.105,0.184,0.558,0.251
DeAndre' Bembry,ATL,24,6,6,78,0.783789817,210,"St. Joseph's, PA",USA,2016,1,21,82,8.4,4.4,2.5,-5,0.026,0.148,0.168,0.508,0.15
Terry Rozier,BOS,25,6,1,73,0.781936078,190,Louisville,USA,2015,1,16,79,9,3.9,2.9,-1.1,0.016,0.145,0.181,0.501,0.193
James Johnson,MIA,32,6,8,80,0.780741202,240,Wake Forest,USA,2009,1,16,55,7.8,3.2,2.5,-4.6,0.018,0.123,0.177,0.522,0.167
Terrence Ross,ORL,28,6,7,79,0.777868421,206,Washington,USA,2012,1,8,81,15.1,3.5,1.7,-0.5,0.012,0.113,0.23,0.561,0.103
Josh Richardson,MIA,25,6,6,78,0.774020019,200,Tennessee,USA,2015,2,40,73,16.6,3.6,4.1,1,0.02,0.078,0.203,0.536,0.177
Tyson Chandler,LAL,36,7,1,85,0.773640584,240,None,USA,2001,1,2,55,3.1,5.6,0.7,-1.9,0.094,0.213,0.084,0.63,0.057
John Holland,CLE,30,6,5,77,0.770351682,205,Boston U.,USA,Undrafted,Undrafted,Undrafted,1,0,0,0,50,0,0,0,0,0
Christian Wood,NOP,23,6,10,82,0.770212743,214,UNLV,USA,Undrafted,Undrafted,Undrafted,21,8.2,4,0.4,-9.4,0.061,0.231,0.247,0.607,0.051
Jayson Tatum,BOS,21,6,8,80,0.76876209,208,Duke,USA,2017,1,3,79,15.7,6,2.1,6.8,0.028,0.157,0.218,0.547,0.098
Donovan Mitchell,UTA,22,6,3,75,0.76641274,215,Louisville,USA,2017,1,13,77,23.8,4.1,4.2,6.8,0.022,0.093,0.309,0.537,0.209
Vince Carter,ATL,42,6,6,78,0.766373153,220,North Carolina,USA,1998,1,5,76,7.4,2.6,1.1,-6.3,0.021,0.114,0.164,0.565,0.097
Darius Miller,NOP,29,6,8,80,0.762623444,225,Kentucky,USA,2012,2,46,69,8.2,1.9,2.1,-0.2,0.007,0.059,0.131,0.55,0.107
Mo Bamba,ORL,21,7,1,85,0.759987728,221,University of Texas at Austin,USA,2018,1,6,47,6.2,5,0.8,-14.9,0.074,0.213,0.174,0.539,0.086
Devonte' Graham,CHA,24,6,2,74,0.757220171,185,University of Kansas,USA,2018,2,34,46,4.7,1.4,2.6,-7.3,0.013,0.078,0.166,0.459,0.266
Brook Lopez,MIL,31,7,1,85,0.756857857,270,Stanford,USA,2008,1,10,81,12.5,4.9,1.2,11.5,0.014,0.135,0.165,0.597,0.055
Daniel Theis,BOS,27,6,8,80,0.755794731,243,None,Germany,Undrafted,Undrafted,Undrafted,66,5.7,3.4,1,7.4,0.088,0.145,0.15,0.624,0.108
Marcus Derrickson,GSW,23,6,7,79,0.755389199,249,None,USA,Undrafted,Undrafted,Undrafted,11,4.2,1.2,0.1,-7.2,0.104,0.063,0.235,0.653,0.026
Blake Griffin,DET,30,6,10,82,0.752474747,250,Oklahoma,USA,2009,1,1,75,24.5,7.5,5.4,0.5,0.036,0.182,0.296,0.581,0.268
Dennis Smith Jr.,NYK,21,6,3,75,0.744598915,195,North Carolina State,USA,2017,1,9,53,13.6,2.9,4.8,-5.3,0.02,0.075,0.242,0.502,0.278
Kenneth Faried,HOU,29,6,8,80,0.743195835,220,Morehead State,USA,2011,1,22,37,10.4,6.8,0.5,4,0.123,0.21,0.194,0.622,0.043
Kosta Koufos,SAC,30,7,1,85,0.738918563,245,Ohio State,USA,2008,1,23,42,3.7,4.2,0.9,-1.3,0.088,0.229,0.15,0.477,0.099
Ivan Rabb,MEM,22,6,10,82,0.736646126,220,"University of California, Berkeley",USA,2017,2,35,49,5.8,4.2,1.1,-6.2,0.097,0.197,0.166,0.586,0.123
Cameron Payne,CLE,24,6,3,75,0.73601003,190,Murray State,USA,2015,1,14,40,6.3,1.8,2.7,-15.2,0.017,0.083,0.169,0.519,0.225
Gerald Green,HOU,33,6,7,79,0.734925394,205,None,USA,2005,1,18,73,9.2,2.5,0.5,4.6,0.019,0.1,0.19,0.555,0.041
MarShon Brooks,MEM,30,6,5,77,0.731700173,200,Providence,USA,2011,1,25,29,6.6,1.6,0.9,-2.8,0.03,0.089,0.233,0.518,0.112
Georges Niang,UTA,26,6,8,80,0.72888037,230,Iowa State,USA,2016,2,50,59,4,1.5,0.6,-7.7,0.022,0.135,0.17,0.613,0.107
Austin Rivers,HOU,26,6,4,76,0.72448521,200,Duke,USA,2012,1,10,76,8.1,2.1,2.2,2.5,0.012,0.065,0.142,0.503,0.12
Jabari Parker,WAS,24,6,8,80,0.723878397,245,Duke,USA,2014,1,2,64,14.5,6.6,2.4,-6.2,0.045,0.187,0.236,0.56,0.14
Danilo Gallinari,LAC,30,6,10,82,0.72370241,225,None,Italy,2008,1,6,68,19.8,6.1,2.6,2.3,0.027,0.171,0.237,0.633,0.134
Zach Lofton,DET,26,6,4,76,0.720533506,180,New Mexico State,USA,Undrafted,Undrafted,Undrafted,1,0,0,0,0,0,0,0.25,0,0
Robert Covington,MIN,28,6,9,81,0.720053562,225,Tennessee State,USA,Undrafted,Undrafted,Undrafted,35,13.3,5.5,1.3,2.3,0.022,0.127,0.154,0.58,0.055
Jaylen Brown,BOS,22,6,7,79,0.718433966,220,California,USA,2016,1,3,74,13,4.2,1.4,2.3,0.032,0.122,0.215,0.547,0.079
Maxi Kleber,DAL,27,6,11,83,0.717744158,240,None,Germany,Undrafted,Undrafted,Undrafted,71,6.8,4.6,1,2.7,0.057,0.149,0.132,0.579,0.068
Jalen Brunson,DAL,22,6,3,75,0.71259146,190,Villanova University,USA,2018,2,33,73,9.3,2.3,3.2,-2.8,0.015,0.087,0.186,0.549,0.223
Rodney McGruder,LAC,27,6,4,76,0.711533844,200,Kansas State,USA,Undrafted,Undrafted,Undrafted,66,7.6,3.6,1.7,-1.4,0.035,0.106,0.147,0.51,0.103
Deandre Ayton,PHX,20,7,1,85,0.711453133,250,University of Arizona,Bahamas,2018,1,1,71,16.3,10.3,1.8,-8.1,0.101,0.24,0.21,0.608,0.094
Luc Mbah a Moute,LAC,32,6,8,80,0.709667038,230,California-Los Angeles,Cameroon,2008,2,37,4,5,1.8,0.5,7.8,0.034,0.065,0.141,0.495,0.045
Josh Hart,LAL,24,6,5,77,0.702322768,215,Villanova,USA,2017,1,30,67,7.8,3.7,1.4,0.4,0.019,0.109,0.13,0.526,0.072
Kostas Antetokounmpo,DAL,21,6,10,82,0.699874849,200,University of Dayton,Greece,2018,2,60,2,1,0.5,0,17.6,0,0.111,0.24,0.21,0
Henry Ellenson,NYK,22,6,11,83,0.696709565,245,Marquette,USA,2016,1,18,19,6,3.5,0.8,-0.7,0.018,0.214,0.186,0.538,0.096
David Nwaba,CLE,26,6,4,76,0.689275507,219,None,USA,Undrafted,Undrafted,Undrafted,51,6.5,3.2,1.1,-3.8,0.039,0.128,0.141,0.558,0.077
Brandon Knight,CLE,27,6,3,75,0.688865836,195,Kentucky,USA,2011,1,8,39,6.8,1.5,1.8,-12,0.012,0.07,0.178,0.484,0.147
Evan Fournier,ORL,26,6,7,79,0.688813185,205,None,France,2012,1,20,81,15.1,3.2,3.6,1.7,0.014,0.086,0.217,0.536,0.17
Corey Brewer,SAC,33,6,9,81,0.682464921,186,Florida,USA,2007,1,7,31,4.9,2.5,1.3,0,0.045,0.098,0.13,0.532,0.107
Angel Delgado,LAC,24,6,10,82,0.680189443,245,None,Dominican Rep...,Undrafted,Undrafted,Undrafted,2,1.5,2,0,7,0.083,0.143,0.15,0.255,0
Isaiah Thomas,DEN,30,5,9,69,0.679977702,185,Washington,USA,2011,2,60,12,8.1,1.1,1.9,-5.5,0.023,0.04,0.274,0.437,0.198
Stephen Curry,GSW,31,6,3,75,0.679483195,190,Davidson,USA,2009,1,7,69,27.3,5.3,5.2,13.7,0.02,0.122,0.292,0.641,0.225
Dusty Hannahs,MEM,25,6,4,76,0.676878179,195,Arkansas,USA,Undrafted,Undrafted,Undrafted,2,4,0.5,2.5,-17.5,0,0.036,0.222,0.311,0.357
Montrezl Harrell,LAC,25,6,8,80,0.672998818,240,Louisville,USA,2015,2,32,82,16.6,6.5,2,1.9,0.085,0.146,0.227,0.636,0.123
Lance Thomas,NYK,31,6,8,80,0.670767924,240,Duke,USA,Undrafted,Undrafted,Undrafted,46,4.5,2.5,0.6,-10.9,0.023,0.115,0.127,0.482,0.051
Andre Ingram,LAL,33,6,3,75,0.668480733,190,American,USA,Undrafted,Undrafted,Undrafted,4,0,0.5,0,9.6,0.059,0.053,0.184,0,0
Joe Ingles,UTA,31,6,8,80,0.667046158,226,None,Australia,Undrafted,Undrafted,Undrafted,82,12.1,4,5.7,7.7,0.013,0.108,0.17,0.581,0.262
Quincy Pondexter,SAS,31,6,7,79,0.664265419,230,Washington,USA,2010,1,26,53,1.8,0.9,0.5,-2.2,0.028,0.123,0.129,0.641,0.121
Terrance Ferguson,OKC,21,6,7,79,0.660427043,190,None,USA,2017,1,21,74,6.9,1.9,1,3.9,0.015,0.055,0.104,0.566,0.046
Kalin Lucas,DET,30,6,1,73,0.660408494,195,Michigan State,USA,Undrafted,Undrafted,Undrafted,1,2,3,1,-25,0,0.5,0.154,0.532,0.5
Jared Dudley,BKN,33,6,7,79,0.659232623,237,Boston College,USA,2007,1,22,59,4.9,2.6,1.4,0.8,0.027,0.096,0.104,0.554,0.093
Rudy Gobert,UTA,27,7,1,85,0.658562445,245,None,France,2013,1,27,81,15.9,12.9,2,6.9,0.117,0.27,0.175,0.682,0.095
Allonzo Trier,NYK,23,6,5,77,0.656774469,200,University of Arizona,USA,Undrafted,Undrafted,Undrafted,64,10.9,3.1,1.9,-7.2,0.02,0.107,0.207,0.564,0.131
Taj Gibson,MIN,34,6,9,81,0.655237018,232,USC,USA,2009,1,26,70,10.8,6.5,1.2,-2.1,0.095,0.161,0.167,0.612,0.072
Jeff Teague,MIN,31,6,2,74,0.654188968,195,Wake Forest,USA,2009,1,19,42,12.1,2.5,8.2,-0.1,0.012,0.067,0.186,0.528,0.366
Alex Caruso,LAL,25,6,5,77,0.653529179,186,Texas A&M,USA,Undrafted,Undrafted,Undrafted,25,9.2,2.7,3.1,3.2,0.035,0.079,0.184,0.569,0.205
Tyler Lydon,DEN,23,6,10,82,0.652586189,225,Syracuse,USA,2017,1,24,25,0.9,0.7,0.2,-8.3,0.062,0.133,0.097,0.595,0.087
Shaquille Harrison,CHI,25,6,4,76,0.651863588,190,Tulsa,USA,Undrafted,Undrafted,Undrafted,73,6.5,3,1.9,-10.2,0.022,0.132,0.16,0.494,0.142
Davon Reed,IND,24,6,5,77,0.650233662,208,Miami,USA,2017,2,32,10,1.2,0.6,0.3,18.7,0.033,0.073,0.104,0.5,0.068
Buddy Hield,SAC,26,6,4,76,0.644046149,214,Oklahoma,Bahamas,2016,1,6,82,20.7,5,2.5,-0.6,0.036,0.11,0.243,0.587,0.117
Royce O'Neale,UTA,26,6,6,78,0.642893424,226,Baylor,USA,Undrafted,Undrafted,Undrafted,82,5.2,3.5,1.5,4.8,0.013,0.146,0.108,0.589,0.102
Sindarius Thornwell,LAC,24,6,5,77,0.64285544,215,South Carolina,USA,2017,2,48,64,1,0.7,0.3,-0.8,0.015,0.108,0.105,0.485,0.079
Domantas Sabonis,IND,23,6,11,83,0.64048373,240,Gonzaga,Lithuania,2016,1,11,74,14.1,9.3,2.9,5.2,0.099,0.269,0.226,0.63,0.18
Kevin Love,CLE,30,6,10,82,0.64017117,251,UCLA,USA,2008,1,5,22,17,10.9,2.2,-4.2,0.051,0.344,0.259,0.561,0.125
J.P. Macura,CHA,24,6,5,77,0.640048256,205,Xavier University,USA,Undrafted,Undrafted,Undrafted,2,3,1.5,1,-2.2,0,0.143,0.209,0.333,0.2
DeMarre Carroll,BKN,32,6,8,80,0.639661858,215,Missouri,USA,2009,1,27,67,11.1,5.2,1.3,1.9,0.037,0.151,0.181,0.546,0.075
Bojan Bogdanovic,IND,30,6,8,80,0.635875226,216,None,Croatia,2011,2,31,81,18,4.1,2,2.9,0.013,0.113,0.219,0.613,0.095
Wade Baldwin IV,POR,23,6,4,76,0.630367487,200,Vanderbilt,USA,2016,1,17,16,1.9,0.9,0.8,-36.8,0.018,0.123,0.227,0.396,0.24
Ryan Arcidiacono,CHI,25,6,3,75,0.629985705,200,Villanova,USA,Undrafted,Undrafted,Undrafted,81,6.7,2.7,3.3,-5.8,0.013,0.096,0.117,0.588,0.191
Draymond Green,GSW,29,6,7,79,0.6294574,230,Michigan State,USA,2012,2,35,66,7.4,7.3,6.9,10.7,0.031,0.18,0.128,0.526,0.261
Omri Casspi,MEM,31,6,9,81,0.626998803,225,None,Israel,2009,1,23,36,6.3,3.2,0.7,1.1,0.033,0.184,0.17,0.606,0.077
Karl-Anthony Towns,MIN,23,7,1,85,0.625456234,248,Kentucky,USA,2015,1,1,77,24.4,12.4,3.4,0.9,0.097,0.257,0.28,0.622,0.169
Jamal Crawford,PHX,39,6,5,77,0.625141173,185,Michigan,USA,2000,1,8,64,7.9,1.3,3.6,-15.1,0.006,0.061,0.198,0.522,0.283
Donatas Motiejunas,SAS,28,7,1,85,0.624250988,220,None,Lithuania,2011,1,20,3,2,1,0.3,-61.8,0.154,0.077,0.323,0.436,0.2
Theo Pinson,BKN,23,6,6,78,0.622892369,218,None,USA,Undrafted,Undrafted,Undrafted,18,4.5,2,1.2,-0.6,0.015,0.126,0.191,0.49,0.167
Ian Mahinmi,WAS,32,6,11,83,0.621559734,262,None,France,2005,1,28,34,4.1,3.8,0.7,-3.2,0.088,0.161,0.128,0.531,0.073
Anthony Davis,NOP,26,6,10,82,0.621545246,253,Kentucky,USA,2012,1,1,56,25.9,12,3.9,3.4,0.089,0.249,0.288,0.597,0.186
Malcolm Brogdon,MIL,26,6,5,77,0.619985763,229,Virginia,USA,2016,2,36,64,15.6,4.5,3.2,10.7,0.035,0.107,0.202,0.614,0.157
Klay Thompson,GSW,29,6,7,79,0.619945906,215,Washington State,USA,2011,1,11,78,21.5,3.8,2.4,6.5,0.015,0.089,0.254,0.571,0.103
Tomas Satoransky,WAS,27,6,7,79,0.618919497,210,None,Czech Republi...,2012,2,32,80,8.9,3.5,5,-0.4,0.036,0.09,0.139,0.59,0.248
Chris Paul,HOU,34,6,1,73,0.618717174,175,Wake Forest,USA,2005,1,4,58,15.6,4.6,8.2,8.3,0.019,0.123,0.22,0.56,0.382
Justin Anderson,ATL,25,6,6,78,0.614927758,230,Virginia,USA,2015,1,21,48,3.7,1.8,0.5,-5.7,0.046,0.119,0.166,0.516,0.073
Patrick Beverley,LAC,30,6,1,73,0.61431182,185,None,USA,2009,2,42,78,7.6,5,3.8,4,0.035,0.135,0.12,0.561,0.183
Ed Davis,BKN,30,6,10,82,0.613602737,225,North Carolina,USA,2010,1,13,81,5.8,8.6,0.8,4.3,0.135,0.307,0.125,0.632,0.064
D'Angelo Russell,BKN,23,6,5,77,0.612662558,198,Ohio State,USA,2015,1,2,81,21.1,3.9,7,0.2,0.02,0.099,0.311,0.533,0.392
Derrick Favors,UTA,27,6,10,82,0.61263621,265,Georgia Tech,USA,2010,1,3,76,11.8,7.4,1.2,4.6,0.115,0.188,0.188,0.624,0.079
Ben Simmons,PHI,22,6,10,82,0.610017371,230,Louisiana State,Australia,2016,1,1,79,16.9,8.8,7.7,2.4,0.062,0.179,0.215,0.582,0.341
Caris LeVert,BKN,24,6,7,79,0.608024461,204,Michigan,USA,2016,1,20,40,13.7,3.8,3.9,-0.2,0.03,0.1,0.235,0.509,0.231
Khyri Thomas,DET,23,6,3,75,0.602932103,210,Creighton University,USA,2018,2,38,26,2.3,0.8,0.3,-8,0.017,0.082,0.158,0.413,0.067
Khem Birch,ORL,26,6,9,81,0.602711785,233,UNLV,Canada,Undrafted,Undrafted,Undrafted,50,4.8,3.8,0.8,3.2,0.112,0.166,0.136,0.64,0.087
Shake Milton,PHI,22,6,6,78,0.601392843,207,Southern Methodist University,USA,2018,2,54,20,4.4,1.8,0.9,-1.1,0.031,0.096,0.147,0.483,0.086
Kenrich Williams,NOP,24,6,7,79,0.600975262,210,None,USA,Undrafted,Undrafted,Undrafted,46,6.1,4.8,1.8,-3.8,0.046,0.145,0.119,0.485,0.094
Doug McDermott,IND,27,6,8,80,0.600234794,225,Creighton,USA,2014,1,11,77,7.3,1.4,0.9,3.6,0.012,0.066,0.152,0.617,0.07
Caleb Swanigan,SAC,22,6,9,81,0.599250447,250,Purdue,USA,2017,1,26,21,2,3,0.5,-16.8,0.081,0.236,0.17,0.377,0.098
Gary Clark,HOU,24,6,8,80,0.595487663,225,None,USA,Undrafted,Undrafted,Undrafted,51,2.9,2.3,0.4,2,0.035,0.144,0.106,0.48,0.04
Tyler Zeller,MEM,29,7,1,85,0.593155905,253,North Carolina,USA,2012,1,17,6,7.7,4,0.7,6.7,0.105,0.123,0.191,0.607,0.069
Dzanan Musa,BKN,20,6,9,81,0.584729115,208,None,Bosnia and He...,2018,1,29,9,2.1,0.6,0.2,10.6,0.019,0.105,0.25,0.415,0.083
Jahlil Okafor,NOP,23,6,11,83,0.584325051,275,Duke,USA,2015,1,3,59,8.2,4.7,0.7,-5.5,0.084,0.196,0.198,0.603,0.064
Elfrid Payton,NOP,25,6,4,76,0.581779752,185,Louisana-Lafayette,USA,2014,1,10,42,10.6,5.2,7.6,-2.2,0.037,0.129,0.177,0.502,0.318
Kentavious Caldwell-Pope,LAL,26,6,5,77,0.578412403,205,Georgia,USA,2013,1,8,82,11.4,2.9,1.3,-3.7,0.022,0.088,0.175,0.568,0.077
Kyle Korver,UTA,38,6,7,79,0.577896673,212,Creighton,USA,2003,2,51,70,8.6,2.3,1.2,3.6,0.006,0.105,0.174,0.582,0.088
Davis Bertans,SAS,26,6,10,82,0.576567029,225,None,Latvia,2011,2,42,76,8,3.5,1.3,7.6,0.015,0.139,0.135,0.632,0.079
Ersan Ilyasova,MIL,32,6,10,82,0.574175783,235,None,Turkey,2005,2,36,67,6.8,4.5,0.8,9.7,0.071,0.151,0.151,0.548,0.056
Lance Stephenson,LAL,28,6,6,78,0.57408609,230,Cincinnati,USA,2010,2,40,68,7.2,3.2,2.1,-4.5,0.026,0.15,0.197,0.529,0.175
John Jenkins,NYK,28,6,4,76,0.573448853,215,Vanderbilt,USA,2012,1,23,26,4.7,1.4,0.8,-6.5,0.018,0.083,0.16,0.536,0.105
Robert Williams III,BOS,21,6,10,82,0.57343984,240,Texas A&M University,USA,2018,1,27,32,2.5,2.5,0.2,-5.9,0.086,0.164,0.101,0.703,0.04
Nikola Mirotic,MIL,28,6,10,82,0.571423214,250,None,Montenegro,2011,1,23,46,15.2,7.4,1.2,3.7,0.045,0.198,0.206,0.584,0.061
Jeff Green,WAS,32,6,9,81,0.569277216,235,Georgetown,USA,2007,1,5,77,12.3,4,1.8,-2,0.027,0.117,0.174,0.608,0.093
Brandon Sampson,CHI,22,6,5,77,0.567220741,184,None,USA,Undrafted,Undrafted,Undrafted,14,5.1,1.1,0.7,-6,0.014,0.063,0.154,0.567,0.063
Omari Spellman,ATL,21,6,9,81,0.564422921,245,Villanova University,USA,2018,1,30,46,5.9,4.2,1,-10.3,0.08,0.144,0.146,0.516,0.085
Tim Hardaway Jr.,DAL,27,6,6,78,0.563410143,205,Michigan,USA,2013,1,24,65,18.1,3.4,2.4,-9.1,0.015,0.09,0.246,0.527,0.125
Isaac Bonga,LAL,19,6,8,80,0.561861691,180,None,Germany,2018,2,39,22,0.9,1.1,0.7,7,0.064,0.113,0.151,0.24,0.163
Okaro White,WAS,26,6,8,80,0.561780191,205,Florida State,USA,Undrafted,Undrafted,Undrafted,3,0,0.7,0,-26.2,0.091,0.143,0.105,0,0
Alan Williams,BKN,26,6,8,80,0.561097927,265,Cal-Santa Barbara,USA,Undrafted,Undrafted,Undrafted,5,3.6,3.8,0.6,27.1,0.114,0.405,0.222,0.61,0.176
Nikola Jokic,DEN,24,7,1,85,0.560853068,250,None,Serbia,2014,2,41,80,20.1,10.8,7.3,5.8,0.089,0.249,0.271,0.589,0.361
Channing Frye,CLE,36,7,1,85,0.559135537,255,Arizona,USA,2005,1,8,36,3.6,1.4,0.6,-22.7,0.01,0.158,0.174,0.524,0.1
Derrick Jones Jr.,MIA,22,6,7,79,0.553814337,200,UNLV,USA,Undrafted,Undrafted,Undrafted,60,7,4,0.6,-1.2,0.076,0.119,0.151,0.559,0.049
Wesley Matthews,IND,32,6,5,77,0.553058578,220,Marquette,USA,Undrafted,Undrafted,Undrafted,69,12.2,2.5,2.3,-2,0.015,0.063,0.175,0.546,0.113
Alfonzo McKinnie,GSW,26,6,8,80,0.551927921,215,None,USA,Undrafted,Undrafted,Undrafted,72,4.7,3.4,0.4,0.9,0.075,0.152,0.131,0.569,0.041
JR Smith,CLE,33,6,6,78,0.54745538,225,None,USA,2004,1,18,11,6.7,1.6,1.9,-3.4,0,0.08,0.176,0.444,0.133
Justin Patton,PHI,22,7,1,85,0.54588505,241,Creighton,USA,2017,1,16,3,1.7,2,1,-12.9,0.065,0.174,0.14,0.317,0.25
George King,PHX,25,6,6,78,0.544242624,220,University of Colorado Boulder,USA,2018,2,59,1,0,1,0,-75,0,0.25,0,0,0
Jon Leuer,DET,30,6,10,82,0.544125065,228,Wisconsin,USA,2011,2,40,41,3.8,2.4,0.3,-13.3,0.062,0.182,0.157,0.616,0.06
Derrick White,SAS,24,6,4,76,0.542780268,190,Colorado,USA,2017,1,29,67,9.9,3.7,3.9,4.8,0.022,0.116,0.178,0.555,0.206
Mikal Bridges,PHX,22,6,7,79,0.541473615,210,Villanova University,USA,2018,1,10,82,8.3,3.2,2.1,-6.8,0.023,0.085,0.119,0.556,0.097
Thon Maker,DET,22,7,1,85,0.540903354,221,None,South Sudan,2016,1,10,64,5,3.2,0.7,0.9,0.039,0.149,0.148,0.53,0.066
Tony Snell,MIL,27,6,7,79,0.538490407,213,,USA,2013,1,20,74,6,2.1,0.9,6.6,0.021,0.086,0.127,0.585,0.069
Bruce Brown,DET,22,6,5,77,0.536522042,202,University of Miami,USA,2018,2,42,74,4.3,2.5,1.2,0.7,0.032,0.092,0.113,0.469,0.087
Amir Johnson,PHI,32,6,9,81,0.523322556,240,None,USA,2005,2,56,51,3.9,2.9,1.2,-5,0.084,0.185,0.169,0.574,0.156
Jordan McRae,WAS,28,6,5,77,0.523167454,179,Tennessee,USA,2014,2,58,27,5.9,1.5,1.1,-3.3,0.017,0.095,0.191,0.55,0.131
Russell Westbrook,OKC,30,6,3,75,0.523163502,200,UCLA,USA,2008,1,4,73,22.9,11.1,10.7,5,0.036,0.255,0.301,0.501,0.44
Damyean Dotson,NYK,25,6,6,78,0.521445714,210,Houston,USA,2017,2,44,73,10.7,3.6,1.8,-8,0.016,0.108,0.169,0.526,0.104
Brandon Ingram,LAL,21,6,9,81,0.519795967,190,Duke,USA,2016,1,2,52,18.3,5.1,3,-1.5,0.022,0.113,0.227,0.555,0.127
Bam Adebayo,MIA,21,6,10,82,0.518159878,255,Kentucky,USA,2017,1,14,82,8.9,7.3,2.2,0.5,0.083,0.221,0.157,0.623,0.146
Frank Mason,SAC,25,5,11,71,0.516816242,190,Kansas,USA,2017,2,34,38,5.1,1.1,2.2,-14.5,0.013,0.083,0.213,0.502,0.28
Jordan Bell,GSW,24,6,9,81,0.514911767,224,Oregon,USA,2017,2,38,68,3.3,2.7,1.1,-5.3,0.068,0.154,0.133,0.531,0.134
Ryan Anderson,MIA,31,6,10,82,0.514305363,240,California,USA,2008,1,21,25,2.5,2.2,0.8,-12.8,0.055,0.112,0.12,0.414,0.088
Nick Young,DEN,34,6,7,79,0.509662794,210,Southern California,USA,2007,1,16,4,2.3,0.3,0.5,-5.1,0,0.026,0.126,0.5,0.077
LeBron James,LAL,34,6,8,80,0.509453575,250,None,USA,2003,1,1,55,27.4,8.5,8.3,2,0.029,0.193,0.311,0.588,0.376
Miles Bridges,CHA,21,6,7,79,0.507625002,225,Michigan State University,USA,2018,1,12,80,7.5,4,1.2,-3.7,0.037,0.148,0.147,0.548,0.081
Torrey Craig,DEN,28,6,7,79,0.505430672,215,South Carolina Upstate,USA,Undrafted,Undrafted,Undrafted,75,5.7,3.5,1,3.3,0.057,0.112,0.121,0.547,0.062
Paul Millsap,DEN,34,6,8,80,0.502537462,246,Louisiana Tech,USA,2006,2,47,70,12.6,7.2,2,8.6,0.078,0.182,0.191,0.57,0.104
Cameron Reynolds,MIN,24,6,8,80,0.499332281,225,None,USA,Undrafted,Undrafted,Undrafted,19,5,1.6,0.7,-4.9,0.014,0.102,0.141,0.58,0.073
Donte DiVincenzo,MIL,22,6,4,76,0.497398561,203,Villanova University,USA,2018,1,17,27,4.9,2.4,1.1,12.6,0.036,0.099,0.145,0.507,0.102
Jeremy Lin,TOR,30,6,3,75,0.494009872,200,Harvard,USA,Undrafted,Undrafted,Undrafted,74,9.6,2.4,3.1,-5.1,0.014,0.102,0.213,0.558,0.249
Mike Muscala,LAL,27,6,11,83,0.493680616,240,Bucknell,USA,2013,2,44,64,7,3.8,1.2,1,0.041,0.133,0.138,0.564,0.081
Sam Dekker,WAS,25,6,9,81,0.491263409,230,Wisconsin,USA,2015,1,18,47,6.1,3.1,1,-5.3,0.064,0.123,0.157,0.519,0.081
Eric Gordon,HOU,30,6,4,76,0.487797579,215,Indiana,USA,2008,1,7,68,16.2,2.2,1.9,8.1,0.007,0.059,0.215,0.549,0.09
Daryl Macon,DAL,23,6,3,75,0.482621597,185,University of Arkansas,USA,Undrafted,Undrafted,Undrafted,8,3.6,1.5,0.9,-2.1,0.019,0.099,0.167,0.482,0.123
Jemerrio Jones,LAL,24,6,5,77,0.480066788,174,None,USA,Undrafted,Undrafted,Undrafted,6,4.5,8.2,2.2,10.7,0.1,0.198,0.108,0.398,0.115
Cristiano Felicio,CHI,26,6,10,82,0.4795543,265,None,Brazil,Undrafted,Undrafted,Undrafted,60,4,3.6,0.6,-8,0.101,0.187,0.138,0.568,0.07
Wendell Carter Jr.,CHI,20,6,10,82,0.47682347,255,Duke University,USA,2018,1,7,44,10.3,7,1.8,-11.7,0.075,0.198,0.192,0.541,0.118
Johnathan Motley,LAC,24,6,10,82,0.474343164,230,Baylor,USA,Undrafted,Undrafted,Undrafted,22,4.6,2.3,0.5,-8.9,0.104,0.213,0.266,0.563,0.129
Alex Poythress,ATL,25,6,9,81,0.470535047,235,Kentucky,USA,Undrafted,Undrafted,Undrafted,21,5.1,3.6,0.8,-10,0.085,0.151,0.14,0.571,0.085
Greg Monroe,PHI,29,6,11,83,0.466781664,265,Georgetown,USA,2010,1,7,43,5.3,4,0.6,-6.7,0.119,0.218,0.211,0.521,0.079
Tyler Johnson,PHX,27,6,4,76,0.465689863,190,Fresno State,USA,Undrafted,Undrafted,Undrafted,57,10.9,3,2.9,-4,0.021,0.087,0.18,0.532,0.165
Evan Turner,POR,30,6,7,79,0.464667319,220,Ohio State,USA,2010,1,2,73,6.8,4.5,3.9,1.3,0.022,0.167,0.158,0.504,0.242
Malik Monk,CHA,21,6,3,75,0.463905061,200,Kentucky,USA,2017,1,11,73,8.9,1.9,1.6,-2.7,0.012,0.095,0.236,0.518,0.143
Fred VanVleet,TOR,25,6,1,73,0.463435367,195,Wichita State,USA,Undrafted,Undrafted,Undrafted,64,11,2.6,4.8,8.1,0.012,0.078,0.177,0.539,0.243
Ivica Zubac,LAC,22,7,1,85,0.460049303,240,None,Croatia,2016,2,32,59,8.9,6.1,1.1,1.8,0.108,0.216,0.199,0.604,0.093
BJ Johnson,SAC,23,6,7,79,0.45791108,200,None,USA,Undrafted,Undrafted,Undrafted,7,3.3,1.1,0,-12.6,0.038,0.15,0.178,0.609,0
Luol Deng,MIN,34,6,9,81,0.449896046,237,Duke,United Kingdo...,2004,1,7,22,7.1,3.3,0.8,10,0.049,0.125,0.155,0.588,0.062
Rudy Gay,SAS,32,6,8,80,0.449869695,230,Connecticut,USA,2006,1,8,69,13.7,6.8,2.6,4.1,0.034,0.209,0.216,0.583,0.145
Delon Wright,MEM,27,6,5,77,0.448652661,183,Utah,USA,2015,1,20,75,8.7,3.5,3.3,-0.1,0.037,0.113,0.172,0.523,0.217
Monte Morris,DEN,24,6,3,75,0.445360267,175,Iowa State,USA,2017,2,51,82,10.4,2.4,3.6,4.3,0.017,0.078,0.168,0.577,0.221
Dirk Nowitzki,DAL,41,7,1,85,0.444611511,245,None,Germany,1998,1,9,51,7.3,3.1,0.7,-4.8,0.006,0.18,0.217,0.469,0.068
Thaddeus Young,IND,31,6,8,80,0.442942094,221,Georgia Tech,USA,2007,1,12,81,12.6,6.5,2.5,2.5,0.078,0.132,0.179,0.569,0.12
Svi Mykhailiuk,DET,22,6,8,80,0.437123645,205,University of Kansas,Ukraine,2018,2,47,42,3.2,0.9,0.9,-0.5,0.019,0.055,0.157,0.447,0.11
Nemanja Bjelica,SAC,31,6,10,82,0.436718582,234,None,Serbia,2010,2,35,77,9.6,5.8,1.9,2.7,0.065,0.171,0.162,0.585,0.107
Tyrone Wallace,LAC,25,6,5,77,0.434105181,198,California,USA,2016,2,60,62,3.5,1.6,0.7,3.7,0.03,0.111,0.174,0.45,0.09
Robin Lopez,CHI,31,7,1,85,0.431625651,275,Stanford,USA,2008,1,15,74,9.5,3.9,1.2,-4.4,0.085,0.085,0.183,0.598,0.084
Chandler Hutchison,CHI,23,6,7,79,0.43156069,197,Boise State University,USA,2018,1,22,44,5.2,4.2,0.8,-5.6,0.033,0.167,0.121,0.507,0.055
Zhaire Smith,PHI,20,6,4,76,0.429855087,199,Texas Tech University,USA,2018,1,16,6,6.7,2.2,1.7,7.3,0.028,0.087,0.166,0.533,0.101
Nerlens Noel,OKC,25,6,11,83,0.429588457,220,Kentucky,USA,2013,1,6,77,4.9,4.2,0.6,-2.6,0.105,0.176,0.137,0.608,0.067
Landry Shamet,LAC,22,6,5,77,0.422633825,188,Wichita State University,USA,2018,1,26,79,9.1,1.7,1.5,1.7,0.011,0.06,0.145,0.604,0.09
Jarell Martin,ORL,25,6,10,82,0.420105434,239,Louisiana State,USA,2015,1,25,42,2.7,1.7,0.4,4.4,0.031,0.185,0.153,0.528,0.078
Lou Williams,LAC,32,6,1,73,0.420069319,175,None,USA,2005,2,45,75,20,3,5.4,3.9,0.019,0.081,0.308,0.554,0.318
James Ennis III,PHI,28,6,7,79,0.418951697,210,Cal State-Long Beach,USA,2013,2,50,58,6.7,3.1,0.7,0.7,0.048,0.099,0.125,0.59,0.047
Giannis Antetokounmpo,MIL,24,6,11,83,0.418914305,242,None,Greece,2013,1,15,72,27.7,12.5,5.9,12.5,0.066,0.273,0.314,0.644,0.294
Tony Bradley,UTA,21,6,10,82,0.418751205,248,North Carolina,USA,2017,1,28,3,5.7,5,0.3,-18.9,0.196,0.188,0.2,0.504,0.042
Tyler Cavanaugh,UTA,25,6,9,81,0.415784907,238,George Washington,USA,Undrafted,Undrafted,Undrafted,11,0.8,0.7,0.1,-40.7,0.065,0.128,0.118,0.414,0.043
Michael Beasley,LAL,30,6,9,81,0.414602302,235,Kansas State,USA,2008,1,2,26,7,2.3,1,-6,0.044,0.153,0.288,0.532,0.149
Patty Mills,SAS,30,6,1,73,0.411906497,180,St. Mary's (CA),Australia,2009,2,55,82,9.9,2.2,3,4.5,0.012,0.076,0.175,0.572,0.174
Willy Hernangomez,CHA,25,6,11,83,0.410978536,240,None,Spain,2015,2,35,58,7.3,5.4,1,-6.2,0.13,0.24,0.206,0.587,0.112
Trey Lyles,DEN,23,6,10,82,0.410603071,234,Kentucky,USA,2015,1,12,64,8.5,3.8,1.4,0,0.036,0.172,0.229,0.5,0.116
D.J. Augustin,ORL,31,6,1,73,0.406301423,183,Texas,USA,2008,1,9,81,11.7,2.5,5.3,3.2,0.018,0.071,0.169,0.616,0.258
Marcus Smart,BOS,25,6,4,76,0.404464294,220,Oklahoma State,USA,2014,1,6,80,8.9,2.9,4,3.8,0.025,0.077,0.144,0.568,0.19
DeAndre Jordan,NYK,30,6,11,83,0.403538734,265,Texas A&M,USA,2008,2,35,69,11,13.1,2.3,-5.1,0.105,0.315,0.148,0.674,0.119
Deyonta Davis,ATL,22,6,11,83,0.403314397,237,Michigan State,USA,2016,2,31,9,4,4,0.6,-9.8,0.063,0.193,0.099,0.682,0.063
DJ Stephens,MEM,28,6,5,77,0.402922705,188,Memphis,USA,Undrafted,Undrafted,Undrafted,1,2,0,0,-23.2,0,0,0.13,0.5,0
Haywood Highsmith,PHI,22,6,7,79,0.401516971,220,None,USA,Undrafted,Undrafted,Undrafted,5,1.8,1,0.4,-27.6,0,0.143,0.115,0.414,0.067
Marcus Morris,BOS,29,6,9,81,0.398225963,235,Kansas,USA,2011,1,14,75,13.9,6.1,1.5,1.4,0.035,0.176,0.203,0.568,0.073
JaVale McGee,LAL,31,7,1,85,0.397805516,270,Nevada-Reno,USA,2008,1,18,75,12,7.5,0.7,-4.4,0.112,0.203,0.197,0.634,0.045
Justin Jackson,DAL,24,6,8,80,0.39537093,210,North Carolina,USA,2017,1,15,81,7.2,2.6,1.2,-0.9,0.025,0.096,0.141,0.561,0.081
Alex Abrines,OKC,25,6,6,78,0.394472108,200,None,Spain,2013,2,32,31,5.3,1.5,0.6,1.6,0.007,0.067,0.12,0.507,0.047
Marvin Bagley III,SAC,20,6,11,83,0.392141379,234,Duke University,USA,2018,1,2,62,14.9,7.6,1,-3.2,0.092,0.18,0.237,0.562,0.06
PJ Tucker,HOU,34,6,6,78,0.392132545,245,Texas,USA,2006,2,35,82,7.3,5.8,1.2,4.5,0.041,0.129,0.094,0.547,0.047
Kadeem Allen,NYK,26,6,3,75,0.389537934,200,Arizona,USA,2017,2,53,19,9.9,2.7,4,-4.1,0.019,0.1,0.195,0.574,0.277
C.J. Williams,MIN,29,6,5,77,0.389452012,226,North Carolina State,USA,Undrafted,Undrafted,Undrafted,15,2.6,0.5,0.8,-17.5,0.007,0.053,0.138,0.55,0.158
Jusuf Nurkic,POR,24,7,1,85,0.388859176,275,None,Bosnia and He...,2014,1,16,72,15.6,10.4,3.2,10.5,0.119,0.241,0.241,0.57,0.168
Malik Beasley,DEN,22,6,5,77,0.388536415,195,Florida State,USA,2016,1,19,81,11.3,2.5,1.2,3.9,0.018,0.085,0.181,0.599,0.074
Bruno Caboclo,MEM,23,6,9,81,0.381262172,218,None,Brazil,2014,1,20,34,8.3,4.6,1.5,0.9,0.05,0.137,0.15,0.571,0.091
Kyle Kuzma,LAL,23,6,9,81,0.380588493,220,Utah,USA,2017,1,27,70,18.7,5.5,2.5,-1.3,0.025,0.127,0.233,0.546,0.113
Walter Lemon Jr.,CHI,26,6,3,75,0.380279075,180,None,USA,Undrafted,Undrafted,Undrafted,6,14.3,4.5,5,-7.8,0.021,0.136,0.253,0.468,0.283
Troy Daniels,PHX,27,6,4,76,0.375470308,205,Va Commonwealth,USA,Undrafted,Undrafted,Undrafted,51,6.2,1.4,0.5,-6.4,0.016,0.079,0.171,0.558,0.052
Trey Burke,DAL,26,6,1,73,0.375131681,175,Michigan,USA,2013,1,9,58,10.9,1.7,2.7,-1.5,0.023,0.059,0.242,0.524,0.229
Isaiah Hicks,NYK,24,6,9,81,0.374106744,230,North Carolina,USA,Undrafted,Undrafted,Undrafted,3,4,2.3,0.7,-4.5,0.059,0.147,0.153,0.588,0.118
James Harden,HOU,29,6,5,77,0.373266101,220,Arizona State,USA,2009,1,3,78,36.1,6.6,7.5,6.3,0.023,0.157,0.396,0.616,0.394
Patrick McCaw,TOR,23,6,7,79,0.370451665,185,UNLV,USA,2016,2,38,29,2.6,1.7,1,-6.4,0.017,0.105,0.093,0.532,0.099
Kelly Olynyk,MIA,28,7,1,85,0.366099981,240,Gonzaga,Canada,2013,1,13,79,10,4.7,1.8,1.9,0.038,0.16,0.175,0.61,0.113
Marquese Chriss,CLE,21,6,10,82,0.365662247,240,Washington,USA,2016,1,8,43,4.2,3.3,0.5,-17.3,0.072,0.216,0.196,0.455,0.069
Tyus Jones,MIN,23,6,2,74,0.361288581,196,Duke,USA,2015,1,24,68,6.9,2,4.8,-0.3,0.014,0.069,0.139,0.491,0.284
Jose Calderon,DET,37,6,3,75,0.360453411,200,None,Spain,Undrafted,Undrafted,Undrafted,49,2.3,1.2,2.3,-14,0.015,0.078,0.104,0.453,0.282
Kyrie Irving,BOS,27,6,3,75,0.35968646,193,Duke,Australia,2011,1,1,67,23.8,5,6.9,6.2,0.031,0.113,0.286,0.592,0.33
Milos Teodosic,LAC,32,6,5,77,0.355481609,196,None,Serbia,Undrafted,Undrafted,Undrafted,15,3.2,1.1,2.1,5.4,0.021,0.084,0.171,0.557,0.26
Deonte Burton,OKC,25,6,5,77,0.354757351,245,Iowa State,USA,Undrafted,Undrafted,Undrafted,32,2.6,0.9,0.3,4.3,0.014,0.09,0.159,0.47,0.057
Danny Green,TOR,32,6,6,78,0.354230522,215,North Carolina,USA,2009,2,46,80,10.3,4,1.6,13.4,0.028,0.107,0.139,0.632,0.073
DeVaughn Akoon-Purcell,DEN,26,6,6,78,0.353469205,200,Illinois State,Trinidad and ...,Undrafted,Undrafted,Undrafted,7,1,0.6,0.9,4.2,0.043,0.15,0.228,0.322,0.375
Eric Bledsoe,MIL,29,6,1,73,0.352718469,205,Kentucky,USA,2010,1,18,78,15.9,4.6,5.5,11.1,0.035,0.108,0.225,0.577,0.26
Dewayne Dedmon,ATL,29,7,1,85,0.349484816,245,USC,USA,Undrafted,Undrafted,Undrafted,64,10.8,7.5,1.4,-4.1,0.063,0.229,0.166,0.602,0.079
TJ Leaf,IND,22,6,10,82,0.34168444,225,UCLA,USA,2017,1,18,58,3.9,2.2,0.4,3.6,0.077,0.145,0.158,0.572,0.063
Jonathan Isaac,ORL,21,6,10,82,0.340629491,210,Florida State,USA,2017,1,6,75,9.6,5.5,1.1,1,0.048,0.152,0.16,0.537,0.055
John Henson,CLE,28,6,11,83,0.340358244,219,North Carolina,USA,2012,1,14,14,5.6,5.1,1,1.7,0.074,0.233,0.173,0.553,0.108
Richaun Holmes,PHX,25,6,10,82,0.339364814,235,Bowling Green,USA,2015,2,37,70,8.2,4.7,0.9,-5.4,0.095,0.173,0.174,0.647,0.082
Tobias Harris,PHI,26,6,9,81,0.336638833,235,Tennessee,USA,2011,1,19,82,20,7.9,2.8,0.4,0.024,0.188,0.225,0.592,0.126
Gary Harris,DEN,24,6,4,76,0.33648931,210,Michigan State,USA,2014,1,19,57,12.9,2.8,2.2,6.2,0.024,0.07,0.195,0.526,0.11
Thabo Sefolosha,UTA,35,6,7,79,0.336202574,220,None,Switzerland,2006,1,13,50,3.8,2.5,0.5,8.8,0.014,0.181,0.129,0.599,0.059
Chris Chiozza,HOU,23,6,1,73,0.329212433,175,None,USA,Undrafted,Undrafted,Undrafted,7,0.9,0.6,0.6,-25,0.021,0.111,0.108,0.375,0.19
Juancho Hernangomez,DEN,23,6,9,81,0.326767078,230,None,Spain,2016,1,15,70,5.8,3.8,0.8,1.3,0.044,0.144,0.119,0.58,0.054
Julian Washburn,MEM,27,6,8,80,0.321287476,209,Texas-El Paso,USA,Undrafted,Undrafted,Undrafted,18,2.2,2.3,0.8,-2,0.027,0.128,0.096,0.402,0.083
Dwyane Wade,MIA,37,6,4,76,0.320891659,220,Marquette,USA,2003,1,5,72,15,4,4.2,-1.8,0.033,0.106,0.269,0.51,0.264
Justin Holiday,MEM,30,6,6,78,0.318771762,181,Washington,USA,Undrafted,Undrafted,Undrafted,82,10.5,3.9,1.8,-7.7,0.017,0.103,0.153,0.52,0.084
Elie Okobo,PHX,21,6,3,75,0.318006218,190,None,France,2018,2,31,53,5.7,1.8,2.4,-9.9,0.012,0.092,0.168,0.489,0.198
Bonzie Colson,MIL,23,6,6,78,0.317877959,225,Notre Dame,USA,Undrafted,Undrafted,Undrafted,8,4.9,3.8,0.4,-9.2,0.065,0.182,0.174,0.454,0.04
Khris Middleton,MIL,27,6,8,80,0.313007225,222,Texas A&M,USA,2012,2,39,77,18.3,6,4.3,10.5,0.021,0.149,0.246,0.558,0.194
Jaylen Adams,ATL,23,6,2,74,0.312686471,190,None,USA,Undrafted,Undrafted,Undrafted,34,3.2,1.8,1.9,-6.5,0.022,0.109,0.131,0.474,0.201
Langston Galloway,DET,27,6,2,74,0.311970718,200,"St. Joseph's, PA",USA,Undrafted,Undrafted,Undrafted,80,8.4,2.1,1.1,0.1,0.025,0.07,0.153,0.534,0.072
Dion Waiters,MIA,27,6,4,76,0.306204656,215,Syracuse,USA,2012,1,4,44,12,2.6,2.8,-2,0.006,0.094,0.213,0.53,0.164
Spencer Dinwiddie,BKN,26,6,6,78,0.300363549,210,Colorado,USA,2014,2,38,68,16.8,2.4,4.6,-2.7,0.013,0.069,0.242,0.58,0.272
Kris Dunn,CHI,25,6,4,76,0.297323705,205,Providence,USA,2016,1,5,46,11.3,4.1,6,-7.6,0.013,0.119,0.198,0.484,0.29
Jonathon Simmons,PHI,29,6,6,78,0.297271883,195,Houston,USA,Undrafted,Undrafted,Undrafted,56,6.5,2.3,2.3,-5.3,0.024,0.09,0.182,0.466,0.175
JJ Redick,PHI,35,6,4,76,0.295837511,200,Duke,USA,2006,1,11,76,18.1,2.4,2.7,5.6,0.008,0.062,0.209,0.602,0.129
Victor Oladipo,IND,27,6,4,76,0.292154477,210,Indiana,USA,2013,1,2,36,18.8,5.6,5.2,5.6,0.018,0.154,0.278,0.519,0.25
Jaron Blossomgame,CLE,25,6,8,80,0.288982624,220,Clemson,USA,2017,2,59,27,4.2,3.6,0.5,-6,0.055,0.162,0.12,0.51,0.043
Ryan Broekhoff,DAL,28,6,7,79,0.288389193,215,None,Australia,Undrafted,Undrafted,Undrafted,42,4,1.5,0.5,8.3,0.017,0.113,0.14,0.621,0.069
Pau Gasol,MIL,38,7,1,85,0.288319897,250,None,Spain,2001,1,3,30,3.9,4.6,1.7,-6.2,0.058,0.304,0.151,0.529,0.209
Deng Adel,CLE,22,6,7,79,0.286520187,200,None,South Sudan,Undrafted,Undrafted,Undrafted,19,1.7,1,0.3,-9.5,0.014,0.089,0.097,0.424,0.038
Treveon Graham,BKN,25,6,5,77,0.283111124,225,Va Commonwealth,USA,Undrafted,Undrafted,Undrafted,35,5.3,3.1,1,2.3,0.028,0.107,0.123,0.458,0.062
Willie Cauley-Stein,SAC,25,7,1,85,0.278734231,240,Kentucky,USA,2015,1,6,81,11.9,8.4,2.4,1.2,0.074,0.213,0.173,0.566,0.121
Duncan Robinson,MIA,25,6,8,80,0.273244387,210,Michigan,USA,Undrafted,Undrafted,Undrafted,15,3.3,1.3,0.3,-10.9,0.011,0.091,0.134,0.514,0.045
Cory Joseph,IND,27,6,3,75,0.272382277,193,Texas,Canada,2011,1,29,82,6.5,3.4,3.9,5.2,0.019,0.111,0.134,0.474,0.208
Shelvin Mack,CHA,29,6,3,75,0.271162081,203,Butler,USA,2011,2,34,57,7.5,1.8,3.2,-9.1,0.014,0.069,0.179,0.489,0.241
Chimezie Metu,SAS,22,6,10,82,0.269509561,225,University of Southern California,USA,2018,2,49,29,1.8,1.2,0.4,-1.3,0.061,0.179,0.223,0.389,0.14
Jordan Loyd,TOR,25,6,4,76,0.265799112,210,None,USA,Undrafted,Undrafted,Undrafted,12,2.4,0.8,0.5,-15.7,0.017,0.133,0.159,0.635,0.182
Solomon Hill,NOP,28,6,7,79,0.264254712,225,Arizona,USA,2013,1,23,44,4.3,3,1.3,-6.5,0.036,0.102,0.104,0.497,0.08
Rodney Hood,POR,26,6,8,80,0.260105168,206,Duke,USA,2014,1,23,72,11.2,2.2,1.8,-7.4,0.012,0.071,0.178,0.545,0.101
Otto Porter Jr.,CHI,26,6,8,80,0.259287297,198,Georgetown,USA,2013,1,3,56,13.9,5.6,2.1,-0.4,0.031,0.153,0.185,0.569,0.1
Jrue Holiday,NOP,29,6,4,76,0.258353522,205,UCLA,USA,2009,1,17,67,21.2,5,7.7,4.4,0.03,0.099,0.25,0.555,0.308
Ish Smith,DET,30,6,1,73,0.251221022,175,Wake Forest,USA,Undrafted,Undrafted,Undrafted,56,8.9,2.6,3.6,2.7,0.017,0.097,0.193,0.485,0.243
Jawun Evans,OKC,22,6,1,73,0.251138414,190,Oklahoma State,USA,2017,2,39,8,0.8,1.5,1.3,-38,0.015,0.172,0.142,0.214,0.238
Jonas Jerebko,GSW,32,6,10,82,0.249387455,231,None,Sweden,2009,2,39,73,6.3,3.9,1.3,1.5,0.055,0.168,0.144,0.588,0.106
Jordan Sibert,ATL,26,6,4,76,0.244197979,187,University of Dayton,USA,Undrafted,Undrafted,Undrafted,1,3,0,0,-36.7,0,0,0.083,1.5,0
Quinn Cook,GSW,26,6,2,74,0.241299666,179,Duke,USA,Undrafted,Undrafted,Undrafted,74,6.9,2.1,1.6,-6.3,0.021,0.123,0.2,0.565,0.167
Jevon Carter,MEM,23,6,2,74,0.240544214,196,West Virginia University,USA,2018,2,32,39,4.4,1.7,1.8,-6.8,0.023,0.09,0.172,0.432,0.184
Jaylen Morris,MIL,23,6,5,77,0.239471898,185,Molloy,USA,Undrafted,Undrafted,Undrafted,4,2.5,1.3,1,22.5,0,0.147,0.15,0.46,0.174
E'Twaun Moore,NOP,30,6,4,76,0.237340056,191,Purdue,USA,2011,2,55,53,11.9,2.4,1.9,-0.3,0.023,0.058,0.17,0.567,0.093
OG Anunoby,TOR,21,6,8,80,0.234911706,232,Indiana,United Kingdo...,2017,1,23,67,7,2.9,0.7,-1.7,0.04,0.1,0.148,0.544,0.05
Dwight Powell,DAL,27,6,11,83,0.231749221,240,Stanford,Canada,2014,2,45,77,10.6,5.3,1.5,0.9,0.081,0.16,0.167,0.682,0.101
Jordan Clarkson,CLE,27,6,5,77,0.228912833,194,Missouri,USA,2014,2,46,81,16.8,3.3,2.4,-8,0.035,0.087,0.266,0.539,0.153
Guerschon Yabusele,BOS,23,6,8,80,0.228505729,260,None,France,2016,1,16,41,2.3,1.3,0.4,-3.6,0.084,0.104,0.168,0.542,0.088
Harrison Barnes,SAC,27,6,8,80,0.227789914,225,North Carolina,USA,2012,1,7,77,16.4,4.7,1.5,-1.5,0.021,0.111,0.202,0.55,0.069
Darren Collison,IND,31,6,1,73,0.227343189,175,UCLA,USA,2009,1,21,76,11.2,3.1,6,2.2,0.017,0.089,0.176,0.574,0.302
Johnathan Williams,LAL,24,6,9,81,0.227061693,228,Gonzaga University,USA,Undrafted,Undrafted,Undrafted,24,6.5,4.1,0.5,7.6,0.116,0.13,0.158,0.599,0.051
Bismack Biyombo,CHA,26,6,9,81,0.22691184,255,None,Democratic Re...,2011,1,7,54,4.4,4.6,0.6,-7.7,0.099,0.205,0.128,0.602,0.064
Zaza Pachulia,DET,35,6,11,83,0.222532579,270,None,Georgia,2003,2,42,68,3.9,3.9,1.3,-4.6,0.101,0.184,0.147,0.539,0.161
Abdel Nader,OKC,25,6,6,78,0.222257832,225,Iowa State,Egypt,2016,2,58,61,4,1.9,0.3,-9.5,0.017,0.139,0.148,0.522,0.044
Dennis Schroder,OKC,25,6,1,73,0.22207197,172,None,Germany,2013,1,17,79,15.5,3.6,4.1,3.6,0.015,0.102,0.238,0.508,0.209
Joe Harris,BKN,27,6,6,78,0.218978111,218,Virginia,USA,2014,2,33,76,13.7,3.8,2.4,-1.6,0.022,0.096,0.167,0.645,0.114
Tristan Thompson,CLE,28,6,10,82,0.212256787,238,Texas,Canada,2011,1,4,43,10.9,10.2,2,-12.3,0.137,0.237,0.175,0.551,0.11
Rodions Kurucs,BKN,21,6,9,81,0.211037127,210,None,Latvia,2018,2,40,63,8.5,3.9,0.8,-0.4,0.04,0.131,0.175,0.545,0.057
Mitchell Robinson,NYK,21,7,1,85,0.21088914,240,None,USA,2018,2,36,66,7.3,6.4,0.6,-6.2,0.122,0.166,0.119,0.692,0.042
Trevor Ariza,WAS,33,6,8,80,0.210400863,215,UCLA,USA,2004,2,43,69,12.5,5.4,3.7,-6.8,0.021,0.139,0.164,0.534,0.149
Raymond Felton,OKC,35,6,1,73,0.205809416,205,North Carolina,USA,2005,1,5,33,4.3,1,1.6,2.6,0.009,0.074,0.165,0.505,0.209
Frank Ntilikina,NYK,20,6,6,78,0.205455736,200,None,France,2017,1,8,43,5.7,2,2.8,-8.5,0.012,0.08,0.163,0.417,0.195
Isaac Humphries,ATL,21,7,1,85,0.200840895,260,University of Kentucky,Australia,Undrafted,Undrafted,Undrafted,5,3,2.2,0,-17.1,0.055,0.123,0.142,0.357,0
Carmelo Anthony,HOU,35,6,8,80,0.19809439,240,Syracuse,USA,2003,1,3,10,13.4,5.4,0.5,-9.9,0.027,0.158,0.199,0.513,0.028
Ekpe Udoh,UTA,32,6,10,82,0.197692757,245,Baylor,USA,2010,1,6,51,2.3,1.8,0.5,-7.7,0.09,0.189,0.128,0.698,0.131
Tim Frazier,MIL,28,6,1,73,0.197552156,170,None,USA,Undrafted,Undrafted,Undrafted,59,5.3,2.8,4.2,-2.7,0.035,0.106,0.132,0.544,0.286
Malcolm Miller,TOR,26,6,7,79,0.195925047,210,Holy Cross,USA,Undrafted,Undrafted,Undrafted,10,3.5,0.5,0.1,-4.7,0.015,0.048,0.18,0.63,0.024
Nik Stauskas,CLE,25,6,6,78,0.195224836,205,Michigan,Canada,2014,1,8,68,5.9,1.9,1.2,-12.9,0.016,0.104,0.171,0.545,0.123
Devin Booker,PHX,22,6,6,78,0.194753261,210,Kentucky,USA,2015,1,13,64,26.6,4.1,6.8,-6.9,0.017,0.099,0.32,0.584,0.327
Wes Iwundu,ORL,24,6,7,79,0.19469043,195,Kansas State,USA,2017,2,33,68,5,2.7,1.1,1.7,0.027,0.108,0.125,0.531,0.08
Gordon Hayward,BOS,29,6,8,80,0.192294788,225,Butler,USA,2010,1,9,72,11.5,4.5,3.4,5.1,0.026,0.141,0.183,0.575,0.185
JaKarr Sampson,CHI,26,6,9,81,0.192066305,215,"St. John's, N.Y.",USA,Undrafted,Undrafted,Undrafted,4,20,8,1,-2.3,0.037,0.196,0.234,0.633,0.052
DeMarcus Cousins,GSW,28,6,11,83,0.185327296,270,Kentucky,USA,2010,1,5,30,16.3,8.2,3.6,4.5,0.059,0.232,0.281,0.562,0.206
Josh Jackson,PHX,22,6,8,80,0.185000763,200,Kansas,USA,2017,1,4,79,11.5,4.4,2.3,-9.6,0.032,0.136,0.234,0.487,0.142
Gary Payton II,WAS,26,6,3,75,0.182008984,190,Oregon State,USA,Undrafted,Undrafted,Undrafted,3,3.7,0.7,1.3,25.8,0.067,0.05,0.214,0.688,0.333
Michael Carter-Williams,ORL,27,6,6,78,0.180477552,190,Syracuse,USA,2013,1,11,28,4.8,2.5,2.5,0.2,0.043,0.143,0.176,0.458,0.262
Cody Zeller,CHA,26,7,1,85,0.174127669,240,Indiana,USA,2013,1,4,49,10.1,6.8,2.1,1.4,0.084,0.171,0.159,0.611,0.114
Kobi Simmons,CLE,21,6,4,76,0.170888367,170,Arizona,USA,Undrafted,Undrafted,Undrafted,1,0,0,0,66.7,0,0,0,0,0
Shai Gilgeous-Alexander,LAC,20,6,6,78,0.165606527,181,University of Kentucky,Canada,2018,1,11,82,10.8,2.8,3.3,-2,0.026,0.078,0.182,0.554,0.179
Ike Anigbogu,IND,20,6,10,82,0.162630942,250,California-Los Angeles,USA,2017,2,47,3,0,1,0.3,-14.3,0.143,0.25,0.267,0,0.2
Andre Iguodala,GSW,35,6,6,78,0.162441038,215,Arizona,USA,2004,1,9,68,5.7,3.7,3.2,9,0.031,0.117,0.101,0.587,0.173
Gary Trent Jr.,POR,20,6,6,78,0.162390124,205,None,USA,Undrafted,Undrafted,Undrafted,15,2.7,0.7,0.3,-4.7,0.01,0.08,0.213,0.377,0.057
Luke Kornet,NYK,23,7,1,85,0.162152886,250,Vanderbilt,USA,Undrafted,Undrafted,Undrafted,46,7,2.9,1.2,-3.5,0.033,0.123,0.178,0.531,0.108
Dante Cunningham,SAS,32,6,8,80,0.160664824,230,Villanova,USA,2009,2,33,64,3,2.9,0.8,-8.2,0.049,0.148,0.086,0.585,0.072
Thomas Welsh,DEN,23,7,1,85,0.159208047,255,None,USA,2018,2,58,11,1.6,0.4,0.5,2.3,0,0.114,0.153,0.648,0.2
Luke Kennard,DET,23,6,5,77,0.158836935,206,Duke,USA,2017,1,12,63,9.7,2.9,1.8,0.3,0.008,0.121,0.179,0.56,0.122
Kyle O'Quinn,IND,29,6,10,82,0.157345238,250,Norfolk State,USA,2012,2,49,45,3.5,2.6,1.2,-0.3,0.078,0.216,0.196,0.537,0.204
Bogdan Bogdanovic,SAC,26,6,6,78,0.156726055,205,None,Serbia,2014,1,27,70,14.1,3.5,3.8,-1.1,0.019,0.098,0.22,0.53,0.199
Troy Caupain,ORL,23,6,4,76,0.156328203,210,Cincinnati,USA,Undrafted,Undrafted,Undrafted,4,2.5,0.8,1,25,0.071,0.154,0.216,0.625,0.4
Dante Exum,UTA,23,6,6,78,0.153034937,190,None,Australia,2014,1,5,42,6.9,1.6,2.6,3.2,0.024,0.077,0.207,0.516,0.251
Garrett Temple,LAC,33,6,6,78,0.151953486,195,Louisiana State,USA,Undrafted,Undrafted,Undrafted,75,7.8,2.9,1.4,-1.6,0.014,0.092,0.131,0.543,0.075
Yante Maten,MIA,22,6,8,80,0.151201611,240,None,USA,Undrafted,Undrafted,Undrafted,2,1,1.5,0,14.8,0.071,0.095,0.133,0.25,0
Mario Hezonja,NYK,24,6,8,80,0.15095551,225,None,Croatia,2015,1,5,58,8.8,4.1,1.5,-10,0.021,0.168,0.208,0.497,0.116
Clint Capela,HOU,25,6,10,82,0.149428968,240,None,Switzerland,2014,1,25,67,16.6,12.7,1.4,5.4,0.13,0.241,0.18,0.658,0.07
Zhou Qi,HOU,23,7,1,85,0.149383644,210,None,China,2016,2,43,1,2,0,0,-66.7,0,0,0.333,1,0
Steven Adams,OKC,25,7,1,85,0.147130542,265,Pittsburgh,New Zealand,2013,1,12,80,13.9,9.5,1.6,6.7,0.129,0.133,0.16,0.591,0.063
Kyle Lowry,TOR,33,6,1,73,0.142760221,196,Villanova,USA,2006,1,24,65,14.2,4.8,8.7,10.7,0.019,0.114,0.191,0.562,0.329
Jimmy Butler,PHI,29,6,8,80,0.141085499,232,Marquette,USA,2011,1,30,65,18.7,5.3,4,3.6,0.054,0.094,0.218,0.571,0.179
Miles Plumlee,ATL,30,6,11,83,0.140640035,249,Duke,USA,2012,1,26,18,4.4,2.2,0.9,-10.2,0.085,0.141,0.166,0.654,0.155
Hamidou Diallo,OKC,20,6,5,77,0.138735595,198,University of Kentucky,USA,2018,2,45,51,3.7,1.9,0.3,-6.8,0.065,0.11,0.16,0.497,0.044
DeMar DeRozan,SAS,29,6,7,79,0.13664775,220,USC,USA,2009,1,9,77,21.2,6,6.2,0,0.02,0.147,0.277,0.542,0.277
Tyler Dorsey,MEM,23,6,5,77,0.135869365,183,Oregon,USA,2017,2,41,48,6.2,2.4,1.2,-2,0.036,0.118,0.182,0.509,0.118
Udonis Haslem,MIA,39,6,8,80,0.135280291,235,Florida,USA,Undrafted,Undrafted,Undrafted,10,2.5,2.7,0.2,-21.3,0.031,0.24,0.196,0.36,0.048
Keita Bates-Diop,MIN,23,6,9,81,0.12848155,229,Ohio State University,USA,2018,2,48,30,5,2.8,0.6,-5.1,0.029,0.129,0.14,0.489,0.047
Ian Clark,NOP,28,6,3,75,0.127910687,175,Belmont,USA,Undrafted,Undrafted,Undrafted,60,6.7,1.5,1.6,-3.4,0.012,0.071,0.185,0.502,0.132
Ron Baker,WAS,26,6,4,76,0.127665434,220,Wichita State,USA,Undrafted,Undrafted,Undrafted,15,0.9,0.7,1,-5.2,0.006,0.069,0.075,0.309,0.139
Donte Grantham,OKC,24,6,8,80,0.126087082,215,Clemson University,USA,Undrafted,Undrafted,Undrafted,3,0,0,0,-53.3,0,0,0.333,0,0
D.J. Wilson,MIL,23,6,10,82,0.121908226,231,Michigan,USA,2017,1,17,48,5.8,4.6,1.1,4.9,0.047,0.174,0.141,0.515,0.08
Bobby Portis,WAS,24,6,11,83,0.12111752,250,Arkansas,USA,2015,1,22,50,14.2,8.1,1.4,-4.4,0.083,0.226,0.241,0.529,0.085
Andrew Harrison,NOP,24,6,6,78,0.119636868,213,Kentucky,USA,2015,2,44,17,3.2,1.2,1.4,-5.5,0.032,0.074,0.171,0.443,0.194
JaMychal Green,LAC,29,6,9,81,0.118608527,227,Alabama,USA,Undrafted,Undrafted,Undrafted,65,9.4,6.3,0.8,-5.8,0.071,0.218,0.185,0.587,0.058
Nikola Vucevic,ORL,28,7,1,85,0.112319027,260,USC,Montenegro,2011,1,16,80,20.8,12,3.8,4,0.088,0.286,0.276,0.573,0.208
PJ Dozier,BOS,22,6,6,78,0.112056753,205,South Carolina,USA,Undrafted,Undrafted,Undrafted,6,3.2,2.8,0.8,22.5,0.102,0.172,0.173,0.434,0.125
Jakob Poeltl,SAS,23,7,1,85,0.111835683,230,Utah,Austria,2016,1,9,77,5.5,5.3,1.2,3.9,0.136,0.171,0.125,0.64,0.099
Hassan Whiteside,MIA,30,7,1,85,0.110608618,265,Marshall,USA,2010,2,33,72,12.3,11.3,0.8,0.8,0.139,0.305,0.215,0.564,0.054
Norman Powell,TOR,26,6,4,76,0.108558819,215,UCLA,USA,2015,2,46,60,8.6,2.3,1.5,0.2,0.013,0.102,0.182,0.596,0.119
Timothe Luwawu-Cabarrot,CHI,24,6,6,78,0.107851984,210,None,France,2016,1,24,50,4.6,1.9,0.5,-14.4,0.015,0.125,0.156,0.489,0.057
Justise Winslow,MIA,23,6,7,79,0.10612565,225,Duke,USA,2015,1,10,66,12.6,5.4,4.3,3.4,0.031,0.141,0.206,0.513,0.213
Marcin Gortat,LAC,35,6,11,83,0.105734424,240,None,Poland,2005,2,57,47,5,5.6,1.4,-6.5,0.089,0.253,0.148,0.562,0.123
Gorgui Dieng,MIN,29,6,11,83,0.10488435,252,Louisville,Senegal,2013,1,21,76,6.4,4.1,0.9,-3.8,0.072,0.225,0.194,0.572,0.106
Rajon Rondo,LAL,33,6,1,73,0.09878018,186,,USA,2006,1,21,46,9.2,5.3,8,-8.6,0.023,0.142,0.172,0.473,0.36
Troy Williams,SAC,24,6,7,79,0.095591522,218,Indiana,USA,Undrafted,Undrafted,Undrafted,21,5.3,2.8,0.5,-9.5,0.034,0.144,0.144,0.531,0.051
Frank Kaminsky,CHA,26,7,1,85,0.09486901,242,Wisconsin,USA,2015,1,9,47,8.6,3.5,1.3,0.9,0.048,0.164,0.216,0.587,0.129
Al Horford,BOS,33,6,10,82,0.093452389,245,Florida,Dominican Rep...,2007,1,3,68,13.6,6.7,4.2,6.1,0.062,0.161,0.188,0.605,0.203
Brad Wanamaker,BOS,29,6,4,76,0.093327292,210,None,USA,Undrafted,Undrafted,Undrafted,36,3.9,1.1,1.6,8.8,0.008,0.096,0.162,0.597,0.225
Cedi Osman,CLE,24,6,8,80,0.092817104,215,None,Turkey,2015,2,31,76,13,4.7,2.6,-12.8,0.018,0.134,0.182,0.536,0.12
Trevon Duval,HOU,20,6,2,74,0.090081236,189,None,USA,Undrafted,Undrafted,Undrafted,3,1.7,0.3,0.7,7.7,0,0.2,0.231,0.833,0.667
CJ Miles,MEM,32,6,6,78,0.086620402,220,None,USA,2005,2,34,53,6.4,1.8,0.7,-1.7,0.014,0.09,0.173,0.504,0.061
J.J. Barea,DAL,35,6,1,73,0.084880501,185,Northeastern,Puerto Rico,Undrafted,Undrafted,Undrafted,38,10.9,2.5,5.6,3.2,0.016,0.106,0.263,0.495,0.454
Iman Shumpert,HOU,29,6,5,77,0.079331761,215,Georgia Tech,USA,2011,1,17,62,7.5,3,1.8,-1.4,0.016,0.101,0.143,0.499,0.098
Rawle Alkins,CHI,21,6,5,77,0.077647148,225,None,USA,Undrafted,Undrafted,Undrafted,10,3.7,2.6,1.3,-5.5,0.077,0.12,0.173,0.418,0.137
Malachi Richardson,TOR,23,6,6,78,0.077642279,205,Syracuse,USA,2016,1,22,22,1.4,0.6,0,-4.6,0.016,0.087,0.142,0.481,0
Glenn Robinson III,DET,25,6,6,78,0.074195221,222,Michigan,USA,2014,2,40,47,4.2,1.5,0.4,-0.8,0.026,0.089,0.146,0.511,0.053
Mike Scott,PHI,30,6,8,80,0.074015058,237,Virginia,USA,2012,2,43,79,5.8,3.5,0.8,1.8,0.029,0.147,0.139,0.528,0.064
Zach LaVine,CHI,24,6,5,77,0.073407992,200,UCLA,USA,2014,1,13,63,23.7,4.7,4.5,-6.5,0.018,0.113,0.298,0.574,0.224
Chris Boucher,TOR,26,6,10,82,0.072740907,200,Oregon,Canada,Undrafted,Undrafted,Undrafted,28,3.3,2,0.1,-4.2,0.086,0.209,0.214,0.563,0.02
Danuel House Jr.,HOU,26,6,7,79,0.069358757,220,Texas A&M,USA,Undrafted,Undrafted,Undrafted,39,9.4,3.6,1,8.9,0.025,0.112,0.137,0.646,0.058
Goran Dragic,MIA,33,6,3,75,0.064937522,190,None,Slovenia,2008,2,45,36,13.7,3.1,4.8,1.3,0.019,0.087,0.224,0.517,0.259
Rondae Hollis-Jefferson,BKN,24,6,7,79,0.060625858,217,Arizona,USA,2015,1,23,59,8.9,5.3,1.6,0.7,0.06,0.17,0.21,0.464,0.119
Lonnie Walker IV,SAS,20,6,5,77,0.058394485,205,University of Miami,USA,2018,1,18,17,2.6,1,0.5,-24.3,0,0.122,0.196,0.446,0.143
Taurean Prince,ATL,25,6,8,80,0.0555024,220,Baylor,USA,2016,1,12,55,13.5,3.6,2.1,-6.9,0.013,0.11,0.19,0.575,0.107
CJ McCollum,POR,27,6,3,75,0.055278801,190,Lehigh,USA,2013,1,10,70,21,4,3,6.5,0.025,0.087,0.248,0.553,0.133
Furkan Korkmaz,PHI,21,6,7,79,0.052002882,190,None,Turkey,2016,1,26,48,5.8,2.2,1.1,3.7,0.023,0.13,0.174,0.528,0.107
Jerome Robinson,LAC,22,6,5,77,0.050720288,190,Boston College,USA,2018,1,13,33,3.4,1.2,0.6,-3.4,0.009,0.109,0.159,0.491,0.08
Lorenzo Brown,TOR,28,6,5,77,0.04870803,189,North Carolina State,USA,2013,2,52,26,2.1,1.2,1.1,-7,0.021,0.11,0.167,0.38,0.199
Kent Bazemore,ATL,29,6,5,77,0.04601079,201,Old Dominion,USA,Undrafted,Undrafted,Undrafted,67,11.6,3.9,2.3,-7.7,0.02,0.126,0.215,0.507,0.144
Jake Layman,POR,25,6,9,81,0.042359294,215,Maryland,USA,2016,2,47,71,7.6,3.1,0.7,2,0.041,0.115,0.156,0.594,0.056
Damian Lillard,POR,28,6,3,75,0.039804308,195,Weber State,USA,2012,1,6,80,25.8,4.6,6.9,8.2,0.023,0.1,0.281,0.588,0.299
Dragan Bender,PHX,21,7,1,85,0.035234397,225,None,Croatia,2016,1,4,46,5,4,1.2,-8.1,0.04,0.168,0.13,0.521,0.094
Devin Robinson,WAS,24,6,8,80,0.034595678,200,Florida,USA,Undrafted,Undrafted,Undrafted,7,6.7,2.9,0.9,-1.7,0.058,0.143,0.176,0.616,0.095
Josh Okogie,MIN,20,6,4,76,0.034435875,212,Georgia Institute of Technology,Nigeria,2018,1,20,74,7.7,2.9,1.2,-1,0.021,0.098,0.148,0.492,0.068
Ray Spalding,PHX,22,6,10,82,0.034177911,215,Louisville,USA,2018,2,56,14,3.9,3.4,0.4,-6.8,0.091,0.19,0.164,0.516,0.052
RJ Hunter,BOS,25,6,5,77,0.029193785,185,Georgia State,USA,2015,1,28,1,17,3,3,52.8,0.037,0.05,0.226,0.612,0.15
Paul George,OKC,29,6,9,81,0.027936803,220,Fresno State,USA,2010,1,10,77,28,8.2,4.1,8.2,0.033,0.173,0.285,0.583,0.173
Isaiah Hartenstein,HOU,21,7,1,85,0.025816416,249,None,Germany,2017,2,43,28,1.9,1.7,0.5,9.6,0.089,0.118,0.112,0.562,0.1
Tyreke Evans,IND,29,6,6,78,0.025442657,220,Memphis,USA,2009,1,4,69,10.2,2.9,2.4,1.9,0.023,0.114,0.255,0.483,0.176
Ricky Rubio,UTA,28,6,4,76,0.022556014,190,None,Spain,2009,1,5,68,12.7,3.6,6.1,6.3,0.017,0.107,0.221,0.52,0.313
Moritz Wagner,LAL,22,6,11,83,0.020638228,245,University of Michigan,Germany,2018,1,25,43,4.8,2,0.6,-9.8,0.035,0.142,0.21,0.533,0.084
Dario Saric,MIN,25,6,10,82,0.019050084,223,None,Croatia,2014,1,12,81,10.6,5.6,1.6,-2,0.058,0.153,0.172,0.563,0.089
Julius Randle,NOP,24,6,9,81,0.017009404,250,Kentucky,USA,2014,1,7,73,21.4,8.7,3.1,-0.2,0.069,0.198,0.273,0.6,0.158
Nene,HOU,36,6,11,83,0.014191435,250,None,Brazil,2002,1,7,42,3.6,2.9,0.6,9.2,0.058,0.152,0.114,0.552,0.07
Demetrius Jackson,PHI,24,6,1,73,0.013271202,201,Notre Dame,USA,2016,2,45,6,3.7,0.5,0.8,-14.8,0.045,0.024,0.182,0.656,0.185
Emanuel Terry,MIA,22,6,9,81,0.012413196,220,Lincoln Memorial (TN),USA,Undrafted,Undrafted,Undrafted,3,3.3,2.3,0.7,5.6,0.143,0.235,0.183,0.571,0.125
Drew Eubanks,SAS,22,6,10,82,0.010966958,245,None,USA,Undrafted,Undrafted,Undrafted,23,1.8,1.5,0.3,-10,0.056,0.214,0.148,0.646,0.1
Dwight Howard,WAS,33,6,11,83,0.008508233,265,None,USA,2004,1,1,9,12.8,9.2,0.4,-9.1,0.1,0.258,0.193,0.638,0.026
Seth Curry,POR,28,6,2,74,0.007632796,185,Duke,USA,Undrafted,Undrafted,Undrafted,74,7.9,1.6,0.9,4.3,0.019,0.062,0.164,0.595,0.068
Brandon Goodwin,DEN,23,6,2,74,0.006033289,180,None,USA,Undrafted,Undrafted,Undrafted,16,1.4,0.2,0.9,8,0.016,0.038,0.22,0.413,0.298
Boban Marjanovic,PHI,30,7,3,87,0.002555928,290,None,Serbia,Undrafted,Undrafted,Undrafted,58,7.3,4.6,0.9,0.1,0.124,0.232,0.222,0.664,0.128
Jerami Grant,OKC,25,6,9,81,0.002390574,220,Syracuse,USA,2014,2,39,80,13.6,5.2,1,5.4,0.032,0.118,0.15,0.592,0.04
George Hill,MIL,33,6,3,75,0.000393311,188,IUPUI,USA,2008,1,26,60,7.6,2.5,2.3,5.6,0.028,0.075,0.147,0.554,0.146
